series,PC1,PC2,PC3,PC4
Nasdaq Composite,0.24460054992652544,-0.1375531143062307,0.07067035157886782,-0.024635716361533354
VIX,-0.17308524247752577,0.1469564978038967,-0.05872613068861028,0.036797080567783
US 10-year yield,0.15533646967941073,0.07911740867206418,0.4025140753425871,0.014756158258990112
US 2-year yield,0.1845411269757617,0.10218132972087379,0.19665843104510922,-0.21255019434398412
US 3-month yield,0.1895911327970029,0.08253325772569609,-0.05543616862987208,-0.27835936551612867
10y minus 2y spread,0.006366103106295417,-0.00601455863066061,0.3347399007692746,0.26068800125501557
10y minus 3m spread,-0.006206034829985311,0.007646564548252133,0.40502619981097576,0.22769038557470775
10y inflation breakeven,0.2478039118948603,-0.06438445745675389,0.09529841366078126,0.09444720053384908
10y real yield (TIPS),-0.039128962489864076,0.14839810866746275,0.38153472207367684,-0.06633896426760633
USD broad index,-0.2249723860895475,0.16034921795736462,0.10477572293373395,-0.27568116761335304
USD per EUR,0.14644840968808645,-0.15692359158569769,-0.10075233174110326,0.2971917118781179
JPY per USD,0.08563235456332705,0.10287643468728248,0.23434569404847477,-0.1883377043189878
CAD per USD,-0.22438780610913533,0.12871285389647694,0.012417503655742462,-0.1828023748526751
MXN per USD,-0.24519811983620604,0.05698736654923651,0.06024918174749588,-0.11412171861764145
Brent (long),0.27458285058494275,0.0008512825983915304,0.006275187544221257,-0.01961018800936934
WTI (long),0.2713704297707851,0.017596247481768426,0.015193351051732161,0.06253236119758183
Gold,0.010956251758055703,-0.11732235604330478,-0.16375589960124978,0.21787439462829752
Henry Hub natural gas,0.0413916044694547,0.033252089731423455,-0.016904781793762428,-0.03053809709754345
US CPI,0.1280093739254887,0.17551606935187972,0.05063139013831026,0.20093246171340653
US core CPI,0.05196562281135435,0.23420242902008234,-0.06980259607496461,0.16488536780625843
Sticky CPI,0.03439479991758508,0.20387504880833932,-0.05500432105542231,0.08710589279780492
US unemployment rate,-0.03424219817084282,-0.3684233981341814,0.08698889355422343,-0.17991931829566257
US nonfarm payrolls,0.031995224434108495,0.36935950229652165,-0.09467701936003642,0.1845594958179247
US industrial production,0.06603909403346542,0.3400863584785145,-0.09709099963822618,0.14157872673318506
Initial jobless claims,-0.1983914538993757,-0.042538840526334123,0.06389511465880288,0.18060081810939224
US housing starts,0.060550156061149156,0.18110976977325252,-0.01792676698713767,0.06264988055032628
US house prices (Case-Shiller),0.05312585864825066,0.06516682255608904,0.010290270463909292,-0.06607259016488917
Consumer sentiment,0.08207325784763679,0.17770763901641012,0.014469526794022178,-0.03164552132562664
US M2 money supply,-0.05794925713830685,-0.29220849088842876,0.019093078355747122,-0.07525241992927748
Fed total assets,-0.19075691224581945,-0.16604909797136388,0.16183845436247152,0.002429438121343984
Fed funds effective,0.16469572182254896,0.0815484908350846,-0.14392979229806543,-0.09129749120649222
Recession probability,-0.1694143918209064,-0.04901930893657467,0.04863961325789034,0.1443913019036136
Chicago financial conditions,-0.2632518749357849,0.04886823977365121,0.03542649653518197,0.08203067438274152
St. Louis financial stress,-0.26378463096607574,0.16226528163083628,0.06321533774213088,0.15170337992523375
US economic policy uncertainty,-0.059165708979664326,0.011634239181848763,0.007297117915495118,0.05334360892194399
US equity market uncertainty,-0.04677825950978218,0.05225352471014547,-0.04335478225677003,-0.06987007828183223
Geopolitical risk,0.013953502181932212,0.05298491622743393,-0.1570245809332279,-0.13026950042092686
Geopolitical threats,0.021182242474051958,0.04152726677021253,-0.13303325917946013,-0.11691541256416187
Geopolitical acts,0.00024074243171797951,0.054014151372774946,-0.1166300463302587,-0.07521594057514146
Supply chain pressure,-0.0038332305457568602,-0.16541040862324707,0.004637351757782886,0.18502551662122005
POS S&P 500,0.030131406621079496,-0.0906260788193634,0.0459129149474828,0.018734322938814208
POS Gold,-0.011697557506523888,-0.1058294784743171,-0.1982688975638298,0.16228555770848438
POS Crude oil,0.10787958804967086,-0.1241900200121518,0.05653112091381311,0.042904863642465006
POS US 10-year notes,-0.06606787722485506,-0.019394879402359094,-0.2189505972752815,-0.06285760514352864
POS USD index,-0.04306050413108024,0.06840272361797821,0.05645628559153988,-0.2262714612133122
S&P PE10,0.2705807183764813,-0.00411982353855167,0.012704780551095488,-0.11418694475803065
