driver,target,lag_months,n,r,t_ols,p_ols,p_fdr,sig_fdr,abs_r,hac_t,hac_p
Chicago financial conditions,Nasdaq Composite,1,667,-0.19161412726625238,-5.034555917299951,6.174449003652717e-07,6.958335572812106e-05,True,0.19161412726625238,-5.229678211069552,1.69805344093131e-07
10y real yield (TIPS),Nasdaq Composite,3,281,-0.182132164929235,-3.0939562625080117,0.002175537900927457,0.05432557070524055,False,0.182132164929235,-3.502386317971757,0.0004611105101408365
Bitcoin,Nasdaq Composite,1,175,0.14397634820936825,1.9136512819028797,0.05731581659356659,0.42446456174435604,False,0.14397634820936825,2.3314376683636278,0.019730293224238585
10y inflation breakeven,Nasdaq Composite,3,281,0.1392191420027053,2.348286694582338,0.01955824939803358,0.23822830093845415,False,0.1392191420027053,1.9898459659049257,0.04660790615898253
VIX,Nasdaq Composite,6,434,0.10989715242650294,2.298089027050999,0.022033640551330797,0.2542072665376134,False,0.10989715242650294,2.2344276433504326,0.02545494852019771
Sticky CPI,Nasdaq Composite,1,667,-0.10250282497264092,-2.6572979760198003,0.008066134209445637,0.13845973424425886,False,0.10250282497264092,-2.489356597268172,0.012797453414507417
POS Gold,Nasdaq Composite,2,486,0.1024337889901102,2.2654600748784786,0.023925538089333568,0.26570263379414144,False,0.1024337889901102,2.269203440015203,0.023255957175919675
Sticky CPI,Nasdaq Composite,2,667,-0.09780392420593986,-2.534277960648529,0.01149625022979906,0.171649081772115,False,0.09780392420593986,-2.216991635347014,0.026623663133376888
US 2-year yield,Nasdaq Composite,1,602,-0.0966175091404152,-2.3777601255285,0.01773044586705987,0.22506031188745929,False,0.0966175091404152,-2.0174311745285527,0.043650536718291895
Geopolitical acts,Nasdaq Composite,1,499,0.09636141916373922,2.1582767245981564,0.03138451142037539,0.31360313647499233,False,0.09636141916373922,1.981111095220681,0.047578816299745835
US 10-year yield,Nasdaq Composite,5,667,-0.09594319863049221,-2.485610839003704,0.013177527719215456,0.18630860648616585,False,0.09594319863049221,-2.702017903944578,0.006892005105915664
WTI (long),Nasdaq Composite,4,484,-0.09135588831025372,-2.014095029706986,0.04455463019074555,0.37641982221125314,False,0.09135588831025372,-2.0844004552866315,0.03712375646247746
JPY per USD,Nasdaq Composite,5,663,-0.09098738723900968,-2.3490221091779757,0.019116259126474956,0.23527703540276867,False,0.09098738723900968,-2.524895365218465,0.01157327420650433
Chicago financial conditions,Nasdaq Composite,2,666,-0.09079494769771694,-2.34932577486226,0.019099478273748593,0.23527703540276867,False,0.09079494769771694,-2.0800156691819005,0.03752409568220354
USD per EUR,Nasdaq Composite,4,328,0.09012859824790578,1.6339642216676307,0.10323166665463925,0.5661796021346275,False,0.09012859824790578,1.495869660600998,0.13468762389088237
Brent (long),Nasdaq Composite,4,468,-0.08955984694370427,-1.9411319347119345,0.05284482542848256,0.41057467019154353,False,0.08955984694370427,-2.1174345190832757,0.03422298716215879
US 10-year yield,Nasdaq Composite,1,667,-0.08937331695052317,-2.313982906143143,0.020972582378638988,0.24847909424048875,False,0.08937331695052317,-2.039210630538534,0.041429010397338775
USD per EUR,Nasdaq Composite,5,327,0.08846631267593938,1.6011268799405665,0.11032034583921649,0.5830961183018947,False,0.08846631267593938,1.716674334223643,0.0860386921656076
US core CPI,Nasdaq Composite,1,665,-0.0884364752308104,-2.2860892205297723,0.022563621700416713,0.2562879379819462,False,0.0884364752308104,-2.028924649220335,0.04246596570186467
POS US 10-year notes,Nasdaq Composite,2,486,-0.08766710606536918,-1.9361307711950801,0.053433565286642885,0.41269309065249804,False,0.08766710606536918,-1.8946269645345641,0.05814183985519309
MXN per USD,Nasdaq Composite,4,390,0.08699307196890382,1.7200857798453046,0.08621422072181231,0.5201751864779737,False,0.08699307196890382,2.1885174754898835,0.028631929731016373
Fed total assets,Nasdaq Composite,6,279,0.08367928358595272,1.3976025991953105,0.16335073931097094,0.6776818628161805,False,0.08367928358595272,0.9791699350967228,0.32749602109791
US CPI,Nasdaq Composite,3,665,-0.07899312942391554,-2.040352990698451,0.04171087454321693,0.36328826215059906,False,0.07899312942391554,-1.6794330341038195,0.09306767973221916
POS US 10-year notes,Nasdaq Composite,3,485,0.07847479393159673,1.7299961646611672,0.08426975996873508,0.5149557953497459,False,0.07847479393159673,1.5390255083986057,0.12379806898577371
Sticky CPI,Nasdaq Composite,3,667,-0.07806866240372216,-2.0193661001520415,0.04384986439741457,0.3738699633062707,False,0.07806866240372216,-1.6342664234200848,0.10220292065711901
POS S&P 500,Nasdaq Composite,2,420,-0.0768973194571739,-1.5768384014988768,0.11558918777081975,0.5919408952410231,False,0.0768973194571739,-2.1099056280772146,0.034866485394740736
POS USD index,Nasdaq Composite,6,394,-0.073457426151327,-1.4583227084495187,0.1455523386191965,0.6523064082469388,False,0.073457426151327,-1.6151459297515742,0.10627909656115007
JPY per USD,Nasdaq Composite,3,665,-0.07332508450985784,-1.8931280623238513,0.05877605694761999,0.4296418466334407,False,0.07332508450985784,-1.618821370898074,0.10548570256740233
10y minus 2y spread,Nasdaq Composite,1,602,0.0725033761846581,1.7806491340591872,0.07547567225121189,0.488349831440692,False,0.0725033761846581,1.4253660012198797,0.15405143056455062
Geopolitical risk,Nasdaq Composite,1,499,0.0713663738096179,1.595073193072507,0.11133153817615522,0.5841724169117671,False,0.0713663738096179,1.3656932505875052,0.17203526367876498
US 3-month yield,Nasdaq Composite,2,538,-0.07114631327810766,-1.6513409166890987,0.09925469698720835,0.5561482233117387,False,0.07114631327810766,-1.566604603640679,0.11720714112248937
Fed total assets,Nasdaq Composite,1,284,-0.07060206216891067,-1.1885762565236067,0.2356064150587886,0.7714651690656645,False,0.07060206216891067,-0.43847536919044805,0.6610417213580597
US 2-year yield,Nasdaq Composite,5,598,-0.07059282072262675,-1.7277006263024606,0.08455993174421446,0.5159589055579187,False,0.07059282072262675,-1.8280700911470262,0.06753903300460878
US unemployment rate,Nasdaq Composite,4,665,0.07001719455063456,1.8072932722487889,0.07116971658052332,0.47433400089083155,False,0.07001719455063456,3.6427072804233096,0.0002697855742709718
US nonfarm payrolls,Nasdaq Composite,4,667,-0.06953974446818936,-1.7976143890486578,0.07269166478185662,0.48016512516455756,False,0.06953974446818936,-4.524298135161425,6.059625677104218e-06
US housing starts,Nasdaq Composite,1,667,0.06949533625973922,1.79646085631677,0.0728749843451759,0.4804065465280391,False,0.06949533625973922,2.081855920427729,0.037355632097123136
POS S&P 500,Nasdaq Composite,5,420,-0.06934020360839785,-1.4210842602310807,0.1560378345809862,0.669552208686437,False,0.06934020360839785,-1.9412575112389365,0.052227050418533615
US 10-year yield,Nasdaq Composite,2,667,-0.06864110371321958,-1.7742736785199422,0.07647536806834063,0.4912000143004768,False,0.06864110371321958,-1.7930636230462729,0.07296275142105577
US 2-year yield,Nasdaq Composite,2,601,-0.06805503531007587,-1.6694819419597915,0.09554438928056098,0.5447669533990631,False,0.06805503531007587,-1.90483824682222,0.05680110051081932
POS USD index,Nasdaq Composite,3,397,-0.06783823536213014,-1.351371370579269,0.1773499403939482,0.6999253223757284,False,0.06783823536213014,-1.46876692190613,0.14189601884605255
JPY per USD,Nasdaq Composite,6,662,-0.06694372992796924,-1.723682207135659,0.08523353817568123,0.5176782656682495,False,0.06694372992796924,-1.6332362228445059,0.10241932439591875
Bitcoin,Nasdaq Composite,2,174,-0.06693511565833704,-0.8798189553509727,0.38018498580793914,0.8677616656020389,False,0.06693511565833704,-1.278344546773485,0.20112796732054627
POS Gold,Nasdaq Composite,4,484,-0.06692184704081046,-1.472536686483733,0.14152866928540042,0.6438088992414144,False,0.06692184704081046,-1.10911058838865,0.267382477665977
Chicago financial conditions,Nasdaq Composite,3,665,-0.06540608612263714,-1.6877412501392102,0.09193122505466061,0.5350678320432078,False,0.06540608612263714,-1.3017512528580313,0.19300143272454262
Sticky CPI,Nasdaq Composite,6,667,-0.06537873829983236,-1.689575163605099,0.09157797441139645,0.5345933852381473,False,0.06537873829983236,-1.5807195450610403,0.11394217739643668
WTI (long),Nasdaq Composite,1,487,-0.06504411759583639,-1.435487904348394,0.15179270352402766,0.6628145005631396,False,0.06504411759583639,-1.0693908955129945,0.28489356809122024
MXN per USD,Nasdaq Composite,5,389,0.0642963522824923,1.2674807415239564,0.2057455626167196,0.7371169164319236,False,0.0642963522824923,1.6036069052842539,0.10880072768848185
Initial jobless claims,Nasdaq Composite,5,667,0.06421471605886196,1.6593677815726546,0.09751319138921784,0.5513834905777762,False,0.06421471605886196,3.736584064121291,0.0001865371048509669
Geopolitical threats,Nasdaq Composite,6,494,-0.06321235754518255,-1.4049276340266559,0.1606738465274322,0.6737335430013144,False,0.06321235754518255,-1.2686925320811626,0.20455074701126674
US CPI,Nasdaq Composite,1,665,-0.06300939895519105,-1.6256458197551955,0.10450023157624382,0.5693021592888751,False,0.06300939895519105,-1.4191903787258455,0.1558435202019016
Supply chain pressure,Nasdaq Composite,6,338,-0.06273218336214625,-1.1521692311371425,0.25007064017176894,0.7863143826392519,False,0.06273218336214625,-1.25367748409797,0.2099592550689532
Brent (long),Nasdaq Composite,1,471,-0.06224887380763501,-1.3507064793505856,0.17744079719987677,0.699933608246758,False,0.06224887380763501,-0.916626126223068,0.35933858899953264
10y inflation breakeven,Nasdaq Composite,6,278,-0.06178041865421331,-1.0283377660510389,0.3046913246298744,0.8216395270917961,False,0.06178041865421331,-0.9535035060486562,0.3403350206222604
US industrial production,Nasdaq Composite,3,667,-0.06133190382580268,-1.5845853279407074,0.11353598342456134,0.5890207936295436,False,0.06133190382580268,-2.0716821629176447,0.03829509186943365
US 2-year yield,Nasdaq Composite,6,597,-0.060778825276418785,-1.4853008381937323,0.13799375681637896,0.637348213948778,False,0.060778825276418785,-1.4523787736292115,0.14639631503629028
10y minus 3m spread,Nasdaq Composite,6,530,-0.060756178230047454,-1.3986545105797656,0.16250370330053276,0.676946405827506,False,0.060756178230047454,-1.1828052422634352,0.2368863424976877
Geopolitical acts,Nasdaq Composite,2,498,0.059372557414904416,1.3246264190600194,0.18590506786700003,0.7107409274958851,False,0.059372557414904416,1.1887612720484808,0.23453362181275916
US core CPI,Nasdaq Composite,2,665,-0.05904664812206715,-1.5230368862663919,0.12822628400260686,0.6150305850014007,False,0.05904664812206715,-1.413828268745802,0.15741233130237253
10y real yield (TIPS),Nasdaq Composite,4,280,-0.058708112776098414,-0.9805511185755026,0.32766670157531463,0.8337507658783019,False,0.058708112776098414,-0.7866625624776559,0.43147942516236515
VIX,Nasdaq Composite,3,437,0.058562718071808455,1.2235222185187573,0.22179486059780273,0.756437208775664,False,0.058562718071808455,1.393993687951516,0.16331951073741713
St. Louis financial stress,Nasdaq Composite,3,390,-0.058137786290827775,-1.1471218583023626,0.2520381228378259,0.7877536555416967,False,0.058137786290827775,,
US CPI,Nasdaq Composite,2,665,-0.05683326760130891,-1.4657567934287428,0.14318863866618498,0.646462533578127,False,0.05683326760130891,,
Henry Hub natural gas,Nasdaq Composite,4,350,-0.05681741897203428,-1.0616301797472887,0.28913980107880927,0.812048364825087,False,0.05681741897203428,,
Consumer sentiment,Nasdaq Composite,4,580,-0.055575454199874925,-1.3381927281460304,0.18135980832295934,0.7039302533290067,False,0.055575454199874925,,
USD per EUR,Nasdaq Composite,1,331,0.05549473283258199,1.0081368430025244,0.3141296389960688,0.8277864871510604,False,0.05549473283258199,,
10y inflation breakeven,Nasdaq Composite,2,282,-0.055432200242040305,-0.9289864823623343,0.3536962544757751,0.8519380898872786,False,0.055432200242040305,,
POS USD index,Nasdaq Composite,4,396,0.054919173764072175,1.0917621570979827,0.27560480754568806,0.8029454636673468,False,0.054919173764072175,,
US M2 money supply,Nasdaq Composite,2,667,0.054837167072764856,1.4162496119096757,0.15717065843195918,0.6697226260763579,False,0.054837167072764856,,
US M2 money supply,Nasdaq Composite,5,667,-0.0546590399010753,-1.4116354106778035,0.1585250527125452,0.670976209584023,False,0.0546590399010753,,
POS S&P 500,Nasdaq Composite,4,420,-0.05422605507415195,-1.1102878982607836,0.2675132737745084,0.7985903734859288,False,0.05422605507415195,,
10y inflation breakeven,Nasdaq Composite,5,279,-0.0540570239625201,-0.9010055898444532,0.36836804644843985,0.8612237755328483,False,0.0540570239625201,,
S&P PE10,Nasdaq Composite,4,667,-0.05385410459448488,-1.390786068259186,0.1647555062839612,0.6797458347906692,False,0.05385410459448488,,
Recession probability,Nasdaq Composite,6,667,-0.05382461120848829,-1.3900221858338544,0.16498723923975514,0.6797997511463331,False,0.05382461120848829,,
Supply chain pressure,Nasdaq Composite,3,341,0.05337736076951446,0.9841844795743875,0.3257267046237931,0.8322985197011749,False,0.05337736076951446,,
US CPI,Nasdaq Composite,6,665,-0.05270609272326121,-1.359006849602742,0.1746065289634099,0.6964789632727891,False,0.05270609272326121,,
Fed total assets,Nasdaq Composite,3,282,-0.052651788079842284,-0.8822566776902562,0.37839478975194984,0.8655129677347811,False,0.052651788079842284,,
Bitcoin,Nasdaq Composite,6,170,0.052498189843019134,0.6813939401518563,0.4965604559580445,0.9157075702556848,False,0.052498189843019134,,
US 10-year yield,Nasdaq Composite,6,667,-0.05163248742044723,-1.3332559772495594,0.18290435035008917,0.7059083920599035,False,0.05163248742044723,,
US nonfarm payrolls,Nasdaq Composite,3,667,-0.051393076427416966,-1.3270574879545782,0.18494512061928975,0.709138687344969,False,0.051393076427416966,,
US economic policy uncertainty,Nasdaq Composite,5,495,0.05041724957067668,1.1208700852428448,0.2628888584923963,0.7950349563460288,False,0.05041724957067668,,
Initial jobless claims,Nasdaq Composite,1,667,0.04929524969387817,1.2727532306589353,0.20355041391793594,0.7335287939702898,False,0.04929524969387817,,
Brent (long),Nasdaq Composite,2,470,0.04875269694335944,1.0559377282676021,0.29154144899149403,0.8120953093235161,False,0.04875269694335944,,
10y minus 3m spread,Nasdaq Composite,5,531,-0.04870340551174532,-1.1215092386067593,0.262579984743903,0.7950349563460288,False,0.04870340551174532,,
Henry Hub natural gas,Nasdaq Composite,3,351,-0.04842678708370258,-0.9057497264966852,0.3656932094794543,0.8588060770278402,False,0.04842678708370258,,
POS Crude oil,Nasdaq Composite,1,487,-0.048368029019374016,-1.066443529353554,0.28675376889235527,0.8108384546904785,False,0.048368029019374016,,
Fed funds effective,Nasdaq Composite,1,667,-0.048235970399876774,-1.2453392314365506,0.2134457044524083,0.7470090899587316,False,0.048235970399876774,,
Recession probability,Nasdaq Composite,1,666,-0.048140144751233516,-1.241924653862936,0.21470284197608586,0.7475367084532946,False,0.048140144751233516,,
Bitcoin,Nasdaq Composite,3,173,0.04772528877544648,0.6248010938325445,0.5329344163323589,0.9267729678032931,False,0.04772528877544648,,
Fed total assets,Nasdaq Composite,4,281,-0.047556887033341474,-0.7952564303832305,0.42714037432843516,0.8888425341197967,False,0.047556887033341474,,
USD per EUR,Nasdaq Composite,6,326,0.04705309297937704,0.8478948105521996,0.3971224843719248,0.8763194186768895,False,0.04705309297937704,,
USD broad index,Nasdaq Composite,1,247,-0.04699982261459234,-0.7364774710152227,0.4621447684319149,0.9036699409434388,False,0.04699982261459234,,
Supply chain pressure,Nasdaq Composite,2,342,0.046743959288598876,0.8628592097473109,0.3888231000927874,0.8715936218517908,False,0.046743959288598876,,
US unemployment rate,Nasdaq Composite,1,665,0.04636247766122178,1.1950626054253273,0.2324898744889696,0.7680521981588189,False,0.04636247766122178,,
USD per EUR,Nasdaq Composite,3,329,0.04599969498356344,0.832700436973565,0.4056214429595587,0.8804750242753755,False,0.04599969498356344,,
WTI (long),Nasdaq Composite,2,486,0.044730479825079446,0.985056507900601,0.3250884771694043,0.8322985197011749,False,0.044730479825079446,,
Supply chain pressure,Nasdaq Composite,1,343,0.044624276107783176,0.8248618457440775,0.4100266601864733,0.8816899810878869,False,0.044624276107783176,,
Bitcoin,Nasdaq Composite,5,171,-0.04449257073733616,-0.5789767714570088,0.5633757211395418,0.9328554693830151,False,0.04449257073733616,,
Recession probability,Nasdaq Composite,5,667,0.04380126306896677,1.1306142761259235,0.2586250729145608,0.7918216264995767,False,0.04380126306896677,,
US industrial production,Nasdaq Composite,4,667,-0.043469976463593324,-1.1220467334428113,0.26224754112569076,0.7950349563460288,False,0.043469976463593324,,
US core CPI,Nasdaq Composite,5,665,0.043381940944726624,1.1180849394865051,0.2639356790102369,0.7964159254883982,False,0.043381940944726624,,
Fed funds effective,Nasdaq Composite,3,667,-0.04290805733875123,-1.1075155522984226,0.26847152065575075,0.7992869677413643,False,0.04290805733875123,,
US industrial production,Nasdaq Composite,6,667,-0.04261643184102938,-1.0999745574625237,0.2717412358972194,0.8003418685387577,False,0.04261643184102938,,
US housing starts,Nasdaq Composite,4,667,0.04236198048826557,1.0933950600239968,0.27461629240983415,0.8026673770030336,False,0.04236198048826557,,
Geopolitical risk,Nasdaq Composite,6,494,-0.042253144695644944,-0.9380578321623259,0.34867494845150754,0.8492440014906104,False,0.042253144695644944,,
Bitcoin,Nasdaq Composite,4,172,0.04198076678479715,0.5478452015023643,0.5845168003794693,0.9384709778144107,False,0.04198076678479715,,
St. Louis financial stress,Nasdaq Composite,5,388,0.04168532370939034,0.8196991568302239,0.4128934728289316,0.8834570592476396,False,0.04168532370939034,,
Supply chain pressure,Nasdaq Composite,4,340,0.041553217434298816,0.7646070046629961,0.4450390757650206,0.8971389674777831,False,0.041553217434298816,,
VIX,Nasdaq Composite,1,439,-0.04122223378055918,-0.8624651326621912,0.3889046564635487,0.8715936218517908,False,0.04122223378055918,,
MXN per USD,Nasdaq Composite,3,391,0.040762185228994316,0.8046247017083641,0.42152776395681407,0.8877565198060015,False,0.040762185228994316,,
St. Louis financial stress,Nasdaq Composite,4,389,-0.04066870566117715,-0.8007100503704089,0.42379080557950977,0.8888425341197967,False,0.04066870566117715,,
MXN per USD,Nasdaq Composite,2,392,0.04060698209134131,0.8025856177212523,0.4227030908888466,0.8884580048523276,False,0.04060698209134131,,
US M2 money supply,Nasdaq Composite,1,666,0.040475824723296194,1.0438444552705328,0.2969372337110565,0.8158701356173974,False,0.040475824723296194,,
US 2-year yield,Nasdaq Composite,3,600,-0.04002263791803501,-0.9794999309219569,0.32772911496386137,0.8337507658783019,False,0.04002263791803501,,
MXN per USD,Nasdaq Composite,6,388,0.03931932587317299,0.773100024549793,0.4399363414237061,0.8949262258438597,False,0.03931932587317299,,
Fed total assets,Nasdaq Composite,2,283,-0.03916470818366787,-0.6570242319243113,0.5117030881631013,0.9205751284274826,False,0.03916470818366787,,
US nonfarm payrolls,Nasdaq Composite,5,667,0.03894526894723647,1.005067279659542,0.31523002121564214,0.8277864871510604,False,0.03894526894723647,,
USD broad index,Nasdaq Composite,3,245,-0.038519203106870986,-0.600900904164288,0.5484660668958118,0.9301377739229143,False,0.038519203106870986,,
Initial jobless claims,Nasdaq Composite,2,667,0.038486887955645276,0.993220109257699,0.3209639557943767,0.8295552462974729,False,0.038486887955645276,,
US M2 money supply,Nasdaq Composite,3,667,0.03826078191724636,0.9873764756982678,0.3238172223761349,0.8318476118919145,False,0.03826078191724636,,
POS Crude oil,Nasdaq Composite,6,482,0.038131592026584546,0.836029346349838,0.4035543698530187,0.8804750242753755,False,0.038131592026584546,,
POS USD index,Nasdaq Composite,2,398,-0.03800181905842614,-0.756773291062679,0.4496357001980688,0.8999658184659416,False,0.03800181905842614,,
US 3-month yield,Nasdaq Composite,3,537,-0.037837603863094045,-0.8758134816917507,0.3815244827093323,0.8682687741850391,False,0.037837603863094045,,
Recession probability,Nasdaq Composite,4,667,0.037626068697273175,0.9709733373656104,0.33191458246873995,0.8367938942007898,False,0.037626068697273175,,
10y minus 2y spread,Nasdaq Composite,3,600,0.03757381826975688,0.919480886402238,0.35821483537426696,0.8542301586080894,False,0.03757381826975688,,
US 10-year yield,Nasdaq Composite,4,667,-0.037504037333061534,-0.9678197692928331,0.3334862355610611,0.8378783036275046,False,0.037504037333061534,,
10y minus 2y spread,Nasdaq Composite,6,597,0.037384414631420136,0.912541793275432,0.36185316796329425,0.8571962859748596,False,0.037384414631420136,,
POS USD index,Nasdaq Composite,1,399,0.03713245904885656,0.7403695992134149,0.45951338805386827,0.9035493110572193,False,0.03713245904885656,,
St. Louis financial stress,Nasdaq Composite,1,392,-0.036996455115472095,-0.7311219759249631,0.4651436792232265,0.9039847851375944,False,0.036996455115472095,,
S&P PE10,Nasdaq Composite,1,667,-0.03672761868254373,-0.9477563546050358,0.3435977739614627,0.8459398082333883,False,0.03672761868254373,,
Gold,Nasdaq Composite,4,667,0.03654529685229909,0.9430452313316493,0.346000240977595,0.8473475289247225,False,0.03654529685229909,,
US economic policy uncertainty,Nasdaq Composite,3,497,-0.036472757106551415,-0.8120078895809045,0.4171774150569743,0.8857505543450281,False,0.036472757106551415,,
POS Gold,Nasdaq Composite,1,487,0.03644113877191223,0.8030662290174918,0.4223298269078536,0.8881055584497456,False,0.03644113877191223,,
US nonfarm payrolls,Nasdaq Composite,2,667,-0.036256662341245055,-0.9355872234625827,0.34982537206775155,0.8500566588328186,False,0.036256662341245055,,
US nonfarm payrolls,Nasdaq Composite,1,667,-0.03506051699083071,-0.9046825815822044,0.36596119883977496,0.8590576230689156,False,0.03506051699083071,,
US core CPI,Nasdaq Composite,6,665,-0.03503746142398971,-0.9027263837899925,0.36699897650508545,0.8599361300860436,False,0.03503746142398971,,
US 10-year yield,Nasdaq Composite,3,667,-0.03488171658439469,-0.9000632779146384,0.36841239286682953,0.8612237755328483,False,0.03488171658439469,,
Chicago financial conditions,Nasdaq Composite,5,663,0.0337079844466812,0.8671223568536839,0.3861896366099322,0.8698327581620997,False,0.0337079844466812,,
US industrial production,Nasdaq Composite,2,667,-0.032947813439930716,-0.8501063787813248,0.3955719050399814,0.8763194186768895,False,0.032947813439930716,,
US house prices (Case-Shiller),Nasdaq Composite,5,471,-0.032945648413217586,-0.7138719272874643,0.47566148026384825,0.9092923734604209,False,0.032945648413217586,,
Consumer sentiment,Nasdaq Composite,1,582,-0.03292036151225245,-0.7932572563162364,0.4279523374800158,0.8888425341197967,False,0.03292036151225245,,
POS Crude oil,Nasdaq Composite,5,483,-0.03278217584144501,-0.7193558852054475,0.4722710176160951,0.9086455741732751,False,0.03278217584144501,,
US 3-month yield,Nasdaq Composite,1,539,-0.03272491887717844,-0.75874945736404,0.44833533698473654,0.8998596695856622,False,0.03272491887717844,,
Sticky CPI,Nasdaq Composite,5,667,-0.032588958665173404,-0.8408374524306715,0.40074123280088625,0.8787921189654196,False,0.032588958665173404,,
US equity market uncertainty,Nasdaq Composite,6,494,0.03210487029396147,0.7124877553739043,0.4765005350781589,0.9092923734604209,False,0.03210487029396147,,
10y inflation breakeven,Nasdaq Composite,4,280,0.032004698863473874,0.5338984760884848,0.593838420489817,0.940126640835078,False,0.032004698863473874,,
US house prices (Case-Shiller),Nasdaq Composite,3,473,-0.03176257214291973,-0.6896762965593286,0.49073742318698116,0.9142032474122197,False,0.03176257214291973,,
USD broad index,Nasdaq Composite,6,242,-0.03134315475166229,-0.4858047497957813,0.6275488328503215,0.9460867243836645,False,0.03134315475166229,,
POS S&P 500,Nasdaq Composite,1,420,0.03114185437766281,0.6370056807006932,0.5244698543291639,0.9240798372184438,False,0.03114185437766281,,
POS S&P 500,Nasdaq Composite,3,420,0.030800166147517898,0.6300097849120244,0.5290324122798955,0.9249703343937016,False,0.030800166147517898,,
POS Gold,Nasdaq Composite,3,485,0.030663829024322537,0.6742240239817697,0.500491448816929,0.9167993590770832,False,0.030663829024322537,,
Henry Hub natural gas,Nasdaq Composite,6,348,-0.030473884102965622,-0.5671103978426271,0.5710069106991734,0.9337854337742949,False,0.030473884102965622,,
JPY per USD,Nasdaq Composite,4,664,-0.029655097095040404,-0.7633424135274474,0.4455311547867768,0.8973551680773105,False,0.029655097095040404,,
Geopolitical threats,Nasdaq Composite,3,497,0.029611282571092908,0.6590984683977285,0.5101390234029866,0.9194866106437466,False,0.029611282571092908,,
10y inflation breakeven,Nasdaq Composite,1,283,0.02948371608647147,0.49445210072679224,0.6213732573972682,0.9448547947751491,False,0.02948371608647147,,
10y real yield (TIPS),Nasdaq Composite,1,283,-0.02919805280733697,-0.4896573212124241,0.6247584423516996,0.9459951246931537,False,0.02919805280733697,,
WTI (long),Nasdaq Composite,6,482,0.029108455736593496,0.6380046614969754,0.5237748893889174,0.9240798372184438,False,0.029108455736593496,,
Henry Hub natural gas,Nasdaq Composite,2,352,-0.029083600430097653,-0.544334604914066,0.5865578488097362,0.9385054248643258,False,0.029083600430097653,,
USD broad index,Nasdaq Composite,4,244,-0.029078445500591313,-0.45254581887226797,0.65128123865891,0.9498832252313495,False,0.029078445500591313,,
S&P PE10,Nasdaq Composite,6,667,0.02905112415179546,0.7494749255583237,0.4538360463681828,0.9007540942253577,False,0.02905112415179546,,
JPY per USD,Nasdaq Composite,1,667,-0.028308135469524962,-0.7302913703540626,0.46546929010384824,0.9039847851375944,False,0.028308135469524962,,
US economic policy uncertainty,Nasdaq Composite,4,496,0.028239578249071605,0.6279064136733441,0.5303554010726502,0.9258382764220302,False,0.028239578249071605,,
US unemployment rate,Nasdaq Composite,3,665,0.02810291021752539,0.7239017475183877,0.4693813982143114,0.9070806208416595,False,0.02810291021752539,,
JPY per USD,Nasdaq Composite,2,666,-0.027970021366613092,-0.7210191231297303,0.47115152476757693,0.9081410770327406,False,0.027970021366613092,,
US CPI,Nasdaq Composite,4,665,-0.027739476411190282,-0.7145328141235929,0.47514927026168424,0.9092923734604209,False,0.027739476411190282,,
CAD per USD,Nasdaq Composite,4,664,0.027585305199886917,0.7100224632942461,0.4779402313506039,0.9092923734604209,False,0.027585305199886917,,
Gold,Nasdaq Composite,2,667,0.02730505565536614,0.7043943223202143,0.4814338384544061,0.9105250739489472,False,0.02730505565536614,,
VIX,Nasdaq Composite,4,436,0.027217162929993776,0.5672162110630596,0.5708605562505566,0.9336813644048969,False,0.027217162929993776,,
POS US 10-year notes,Nasdaq Composite,4,484,-0.026988245525113957,-0.5927292942772324,0.5536403094291763,0.9303615322758947,False,0.026988245525113957,,
US house prices (Case-Shiller),Nasdaq Composite,2,473,-0.026837116299116993,-0.5826432966799879,0.5604122733570861,0.9309978377954398,False,0.026837116299116993,,
US core CPI,Nasdaq Composite,3,665,-0.026296573600363218,-0.6773390899441447,0.4984271103201919,0.916653476895806,False,0.026296573600363218,,
POS USD index,Nasdaq Composite,5,395,-0.026232637058405416,-0.5202207937345,0.6032026168028957,0.9415809113752348,False,0.026232637058405416,,
Sticky CPI,Nasdaq Composite,4,667,-0.02616622136121264,-0.6749950051570833,0.4999135499999574,0.9167154532530771,False,0.02616622136121264,,
10y real yield (TIPS),Nasdaq Composite,6,278,-0.026084104704242005,-0.43348918704934597,0.6649980286894466,0.9524956304875887,False,0.026084104704242005,,
US house prices (Case-Shiller),Nasdaq Composite,4,472,-0.026015051652098088,-0.5641838274471687,0.5728981538303753,0.9346374715057484,False,0.026015051652098088,,
US economic policy uncertainty,Nasdaq Composite,2,498,-0.025685002938704366,-0.5722209598536979,0.5674315453178174,0.9336813644048969,False,0.025685002938704366,,
Geopolitical threats,Nasdaq Composite,4,496,0.0248928434306015,0.5534425934251535,0.5802107674023069,0.936441693367128,False,0.0248928434306015,,
USD broad index,Nasdaq Composite,2,246,-0.024868568327190498,-0.388579631718258,0.6979259828098402,0.9588242933376397,False,0.024868568327190498,,
US economic policy uncertainty,Nasdaq Composite,6,494,-0.024790030247689523,-0.5500385087609534,0.5825425701876277,0.9372751967264624,False,0.024790030247689523,,
Initial jobless claims,Nasdaq Composite,6,667,-0.02478263885495227,-0.6392809736571665,0.5228603054546093,0.9240798372184438,False,0.02478263885495227,,
POS Gold,Nasdaq Composite,5,483,0.02471945692939176,0.542305728799489,0.5878590624780609,0.9385054248643258,False,0.02471945692939176,,
Fed funds effective,Nasdaq Composite,5,667,-0.024428046943237698,-0.6301285909525992,0.5288269098036361,0.9249703343937016,False,0.024428046943237698,,
Geopolitical risk,Nasdaq Composite,2,498,0.02414813659254985,0.5379614116596405,0.5908449878981923,0.9385054248643258,False,0.02414813659254985,,
US industrial production,Nasdaq Composite,5,667,0.024094293512094245,0.6215142883767205,0.5344742900203044,0.9267729678032931,False,0.024094293512094245,,
US 3-month yield,Nasdaq Composite,4,536,-0.02386861393606316,-0.5517236172437104,0.5813685282144889,0.9367818134601238,False,0.02386861393606316,,
St. Louis financial stress,Nasdaq Composite,2,391,0.023555625314273736,0.4647184978653442,0.642393062165121,0.9487535154555982,False,0.023555625314273736,,
Recession probability,Nasdaq Composite,2,667,-0.023538470416769614,-0.6071687436597966,0.5439461840283335,0.9298762196693798,False,0.023538470416769614,,
Brent (long),Nasdaq Composite,5,467,0.023439490454155713,0.5055847647200201,0.6133877456237312,0.9430676094107103,False,0.023439490454155713,,
St. Louis financial stress,Nasdaq Composite,6,387,0.022478556481227853,0.4411726005044101,0.659335693920407,0.9520227071671863,False,0.022478556481227853,,
Consumer sentiment,Nasdaq Composite,5,579,0.022449825853373608,0.539399266677023,0.5898194640113253,0.9385054248643258,False,0.022449825853373608,,
US house prices (Case-Shiller),Nasdaq Composite,6,470,-0.022396325636044108,-0.48462816165050987,0.6281668692674733,0.9462856117164004,False,0.022396325636044108,,
Fed funds effective,Nasdaq Composite,2,667,-0.02189931286175,-0.5648660525753706,0.5723553685861036,0.9343781140497867,False,0.02189931286175,,
POS US 10-year notes,Nasdaq Composite,6,482,-0.02181643365116221,-0.4780879015318517,0.632805301105901,0.946354677740274,False,0.02181643365116221,,
Consumer sentiment,Nasdaq Composite,2,582,-0.021681898070633573,-0.5222920329329016,0.6016664351966166,0.9415809113752348,False,0.021681898070633573,,
Geopolitical risk,Nasdaq Composite,4,496,0.021535826896413906,0.47876871152937533,0.6323150140305752,0.946354677740274,False,0.021535826896413906,,
POS Crude oil,Nasdaq Composite,2,486,0.021093529337448888,0.4641609180911546,0.6427411584208637,0.9487535154555982,False,0.021093529337448888,,
Initial jobless claims,Nasdaq Composite,4,667,0.020719718928977362,0.5344264265551544,0.5932251602554477,0.9399989935798475,False,0.020719718928977362,,
US unemployment rate,Nasdaq Composite,5,665,-0.020102471374811057,-0.5177188592109244,0.6048271352355953,0.941681844384108,False,0.020102471374811057,,
10y real yield (TIPS),Nasdaq Composite,2,282,0.01946942122523595,0.3258474930403486,0.7447831285185265,0.9640545566204896,False,0.01946942122523595,,
US M2 money supply,Nasdaq Composite,6,667,-0.018918015984993413,-0.48793743602835216,0.6257549891477932,0.9459951246931537,False,0.018918015984993413,,
Consumer sentiment,Nasdaq Composite,3,581,-0.01879017081279891,-0.45221679926209063,0.6512821772403565,0.9498832252313495,False,0.01879017081279891,,
10y minus 3m spread,Nasdaq Composite,1,535,-0.018464571347352125,-0.4263604200623862,0.6700173749639605,0.9525845923649048,False,0.018464571347352125,,
POS S&P 500,Nasdaq Composite,6,420,0.018151681636762607,0.3711731605567972,0.7106966121050754,0.9588411506227126,False,0.018151681636762607,,
Geopolitical acts,Nasdaq Composite,3,497,-0.01807364523887001,-0.4021789140044229,0.6877259623829259,0.9588242933376397,False,0.01807364523887001,,
Geopolitical acts,Nasdaq Composite,6,494,-0.018033939007847503,-0.4000771802737926,0.6892733140999926,0.9588242933376397,False,0.018033939007847503,,
CAD per USD,Nasdaq Composite,2,666,-0.017733951509453488,-0.45704383832912066,0.6477890216923665,0.949109255219655,False,0.017733951509453488,,
10y real yield (TIPS),Nasdaq Composite,5,279,-0.01747136275721142,-0.2908258188527366,0.7714021677112577,0.9684733671912655,False,0.01747136275721142,,
Geopolitical threats,Nasdaq Composite,1,499,0.01742044203129809,0.3884215108064807,0.6978704573686074,0.9588242933376397,False,0.01742044203129809,,
US equity market uncertainty,Nasdaq Composite,2,498,-0.01729703596835778,-0.38528092170933775,0.7001944634101904,0.9588411506227126,False,0.01729703596835778,,
US house prices (Case-Shiller),Nasdaq Composite,1,473,-0.01721653454690827,-0.37369782131269796,0.7087972966058189,0.9588411506227126,False,0.01721653454690827,,
10y minus 2y spread,Nasdaq Composite,5,598,0.016658812458857905,0.40674988526573175,0.6843377209932047,0.9580791360439008,False,0.016658812458857905,,
Geopolitical acts,Nasdaq Composite,5,495,-0.016024870705105835,-0.3558555664113647,0.722100952401415,0.9612859162051398,False,0.016024870705105835,,
US housing starts,Nasdaq Composite,5,667,-0.01544319085564366,-0.39829023193739604,0.6905440992737022,0.9588242933376397,False,0.01544319085564366,,
CAD per USD,Nasdaq Composite,5,663,0.014442649245636438,0.3713580933455425,0.7104898322662885,0.9588411506227126,False,0.014442649245636438,,
US 3-month yield,Nasdaq Composite,5,535,-0.014437109831685616,-0.3333413037529629,0.739007752145449,0.9633735137677938,False,0.014437109831685616,,
US equity market uncertainty,Nasdaq Composite,3,497,0.013853540863269802,0.30825140768938436,0.7580207110792883,0.9664511172258431,False,0.013853540863269802,,
WTI (long),Nasdaq Composite,5,483,0.013763320138029026,0.30188177010857725,0.762872671636791,0.9674182458292848,False,0.013763320138029026,,
POS Gold,Nasdaq Composite,6,482,0.013429725803751704,0.29425708749105056,0.7686886667979091,0.9682252954524436,False,0.013429725803751704,,
US nonfarm payrolls,Nasdaq Composite,6,667,0.013338279513247776,0.34399273681529924,0.7309604892598058,0.9624591332429543,False,0.013338279513247776,,
US equity market uncertainty,Nasdaq Composite,5,495,-0.013008227109340445,-0.2888539546139772,0.7728145581874105,0.9691027260869705,False,0.013008227109340445,,
VIX,Nasdaq Composite,2,438,0.012831305633786089,0.2679475861278597,0.7888663806202104,0.9723899841010012,False,0.012831305633786089,,
10y minus 2y spread,Nasdaq Composite,4,599,-0.012702116155676476,-0.3103832552371986,0.7563778517036069,0.9663141970400294,False,0.012702116155676476,,
US M2 money supply,Nasdaq Composite,4,667,0.012666871646058309,0.3266743506422762,0.7440169912790808,0.9640545566204896,False,0.012666871646058309,,
MXN per USD,Nasdaq Composite,1,393,-0.011790958191868395,-0.23316731383498593,0.8157535008585027,0.9756216703224918,False,0.011790958191868395,,
US housing starts,Nasdaq Composite,3,667,-0.01175745502736531,-0.30321743450878996,0.7618189961995515,0.96738920152324,False,0.01175745502736531,,
US unemployment rate,Nasdaq Composite,2,665,0.011705930636293908,0.3014341606133037,0.7631779656590407,0.9674182458292848,False,0.011705930636293908,,
Gold,Nasdaq Composite,3,667,0.011408394286636371,0.2942141859285591,0.7686860518461476,0.9682252954524436,False,0.011408394286636371,,
Gold,Nasdaq Composite,5,667,-0.011358350968235644,-0.2929234382782419,0.7696720517144516,0.9682252954524436,False,0.011358350968235644,,
POS US 10-year notes,Nasdaq Composite,1,487,-0.011229712037722502,-0.24732434895247576,0.8047618784392069,0.9741354843977648,False,0.011229712037722502,,
S&P PE10,Nasdaq Composite,2,667,-0.010834932667474154,-0.2794232457753305,0.7800069156982584,0.9707086648278976,False,0.010834932667474154,,
VIX,Nasdaq Composite,5,435,-0.010594939495625937,-0.22047878444160485,0.8256022106151665,0.9767942897181449,False,0.010594939495625937,,
USD per EUR,Nasdaq Composite,2,330,-0.010570720091521048,-0.19145458011035604,0.8482879232782183,0.979927933477646,False,0.010570720091521048,,
Brent (long),Nasdaq Composite,3,469,0.009972741660894463,0.21552348793209206,0.8294532971969766,0.9778497449411864,False,0.009972741660894463,,
US core CPI,Nasdaq Composite,4,665,0.009660122682049155,0.2487480419386029,0.8036327176286123,0.9741157077482299,False,0.009660122682049155,,
POS Crude oil,Nasdaq Composite,4,484,-0.00964149934249433,-0.21168412103821765,0.832442954001167,0.9783330205449938,False,0.00964149934249433,,
Fed total assets,Nasdaq Composite,5,280,0.009370213342302145,0.15623953710842803,0.8759576098950279,0.9830479757176491,False,0.009370213342302145,,
S&P PE10,Nasdaq Composite,3,667,0.009183397471290997,0.23682771138116157,0.8128633858272688,0.975420022296536,False,0.009183397471290997,,
POS Crude oil,Nasdaq Composite,3,485,-0.008873460925971095,-0.19502204453307365,0.8454576973787082,0.9796207709392672,False,0.008873460925971095,,
US 2-year yield,Nasdaq Composite,4,599,-0.008023936309833205,-0.1960598290054999,0.8446300545518898,0.9793301879345763,False,0.008023936309833205,,
US industrial production,Nasdaq Composite,1,666,-0.007963398345939525,-0.20520892781706732,0.8374717862025653,0.9787780509010712,False,0.007963398345939525,,
10y minus 3m spread,Nasdaq Composite,2,534,-0.007751444987864538,-0.17879342051641983,0.8581679791794274,0.98104407455328,False,0.007751444987864538,,
CAD per USD,Nasdaq Composite,6,662,-0.007393602696332529,-0.1899502843786472,0.849406493514378,0.9805964945788633,False,0.007393602696332529,,
US housing starts,Nasdaq Composite,2,667,0.0073413631839697015,0.18932119444112044,0.849898852542841,0.9810018818093356,False,0.0073413631839697015,,
Henry Hub natural gas,Nasdaq Composite,5,349,0.007337393854917315,0.13668418261752924,0.8913596995073652,0.985358171505809,False,0.007337393854917315,,
Brent (long),Nasdaq Composite,6,466,0.007211318457450963,0.1553405926301959,0.8766203684847138,0.9830479757176491,False,0.007211318457450963,,
Geopolitical threats,Nasdaq Composite,5,495,0.007090020568091918,0.15742796103690973,0.8749720329662389,0.9830479757176491,False,0.007090020568091918,,
S&P PE10,Nasdaq Composite,5,667,0.007053231938552502,0.1818904054355265,0.8557241631243192,0.98104407455328,False,0.007053231938552502,,
Gold,Nasdaq Composite,6,667,0.007037493466744892,0.1814845178954064,0.856042585666907,0.98104407455328,False,0.007037493466744892,,
US housing starts,Nasdaq Composite,6,667,0.007002871872660079,0.18059164428189814,0.8567431359076288,0.98104407455328,False,0.007002871872660079,,
Geopolitical risk,Nasdaq Composite,3,497,0.006994062104052112,0.15561186445609212,0.8764024088123575,0.9830479757176491,False,0.006994062104052112,,
Chicago financial conditions,Nasdaq Composite,6,662,0.006899553175428171,0.1772569495598997,0.8593609481324329,0.98104407455328,False,0.006899553175428171,,
US CPI,Nasdaq Composite,5,665,-0.006580636040286525,-0.169447060613162,0.8654966959947681,0.9822877347588512,False,0.006580636040286525,,
Geopolitical risk,Nasdaq Composite,5,495,-0.0065764419582952345,-0.1460238662111811,0.8839622345901831,0.983660198465204,False,0.0065764419582952345,,
Gold,Nasdaq Composite,1,667,0.005658181082621911,0.1459132117898158,0.8840341194225442,0.983660198465204,False,0.005658181082621911,,
Recession probability,Nasdaq Composite,3,667,-0.0054993992316823,-0.14181841872231263,0.8872663876181778,0.9845410352271905,False,0.0054993992316823,,
US equity market uncertainty,Nasdaq Composite,4,496,-0.0051986653898287065,-0.11554767422845034,0.9080579879945891,0.9867878185820791,False,0.0051986653898287065,,
USD broad index,Nasdaq Composite,5,243,-0.005047046854691024,-0.07835223499956938,0.9376128823699659,0.9930911209149035,False,0.005047046854691024,,
10y minus 2y spread,Nasdaq Composite,2,601,0.004946369821903687,0.12106129295826451,0.9036830852254187,0.9855199653966676,False,0.004946369821903687,,
US economic policy uncertainty,Nasdaq Composite,1,499,-0.0043868709254958555,-0.09779963404543572,0.9221308262679445,0.9899615232300001,False,0.0043868709254958555,,
Chicago financial conditions,Nasdaq Composite,4,664,-0.004356775946246869,-0.11209812353826559,0.9107795859407191,0.9871858155141238,False,0.004356775946246869,,
Initial jobless claims,Nasdaq Composite,3,667,-0.004223497065532497,-0.10891479864476336,0.9133029243793264,0.9880963269017505,False,0.004223497065532497,,
POS US 10-year notes,Nasdaq Composite,5,483,0.0040520124604651485,0.08886830067019616,0.9292235649882301,0.9913513469234647,False,0.0040520124604651485,,
Henry Hub natural gas,Nasdaq Composite,1,353,-0.003992665563309502,-0.07480316158855084,0.9404139396028806,0.9934597862123681,False,0.003992665563309502,,
Geopolitical acts,Nasdaq Composite,4,496,0.003699595571932713,0.08222818372008614,0.9344985678851843,0.9925554880820115,False,0.003699595571932713,,
Consumer sentiment,Nasdaq Composite,6,578,0.003444349379195578,0.08266487545128583,0.9341467327943074,0.9925217976030465,False,0.003444349379195578,,
Geopolitical threats,Nasdaq Composite,2,498,-0.003377591122212146,-0.07522295500739515,0.9400676498031206,0.9933302916888604,False,0.003377591122212146,,
Fed funds effective,Nasdaq Composite,6,667,-0.0031628588112936145,-0.0815629266062824,0.9350188249794947,0.9925554880820115,False,0.0031628588112936145,,
US 3-month yield,Nasdaq Composite,6,534,-0.0022873921569180286,-0.052759124478779285,0.957943634664884,0.9976837842683336,False,0.0022873921569180286,,
Supply chain pressure,Nasdaq Composite,5,339,0.0016529975666113618,0.03034504305424697,0.9758098368112905,0.9991765591831554,False,0.0016529975666113618,,
CAD per USD,Nasdaq Composite,3,665,0.0015047370598968652,0.03874519697621452,0.9691052019375683,0.9990934227277771,False,0.0015047370598968652,,
US unemployment rate,Nasdaq Composite,6,665,-0.0013277246574992308,-0.03418732870992775,0.9727380605694714,0.9991765591831554,False,0.0013277246574992308,,
10y minus 3m spread,Nasdaq Composite,3,533,0.0011536087435000803,0.02658312837311313,0.9788022172827229,0.9991765591831554,False,0.0011536087435000803,,
10y minus 3m spread,Nasdaq Composite,4,532,-0.0010794085002308388,-0.02484986430502274,0.9801840705426735,0.9991765591831554,False,0.0010794085002308388,,
WTI (long),Nasdaq Composite,3,485,0.0008502253286098603,0.018685630688889374,0.9850996075092918,0.9991765591831554,False,0.0008502253286098603,,
CAD per USD,Nasdaq Composite,1,667,0.0007750512876015298,0.019986713872149387,0.9840599664582441,0.9991765591831554,False,0.0007750512876015298,,
Fed funds effective,Nasdaq Composite,4,667,0.0005201997965785609,0.013414702924652492,0.9893009600926915,0.9991765591831554,False,0.0005201997965785609,,
US equity market uncertainty,Nasdaq Composite,1,499,-0.0001635614123789576,-0.00364635587381953,0.9970920984992453,0.9994187978609866,False,0.0001635614123789576,,
