series,r_same_month,r_next_month,hac_p_same,hac_p_next,n
VIX,-0.575999927910494,-0.04122223378055921,9.959014999310426e-31,0.4009146098454245,439
USD broad index,-0.5280220696871982,-0.04699982261459225,1.7613699472384562e-16,0.5935445110292166,247
St. Louis financial stress,-0.4603780962669546,-0.03699645511547214,5.2570816514458585e-08,0.6508094033560119,392
CAD per USD,-0.365666066576819,0.0007750512876015108,2.6050862641019756e-17,0.9842179118901287,667
MXN per USD,-0.3130768147674624,-0.011790958191868353,0.0029593301904207287,0.8209738979010779,393
Chicago financial conditions,-0.3012770176047362,-0.19161412726625246,9.978521149470237e-09,1.69805344093131e-07,667
10y real yield (TIPS),-0.22566148827262622,-0.029198052807336936,0.013978240203027693,0.7184690127114799,283
US economic policy uncertainty,-0.21044117167647217,-0.00438687092549586,0.00010715932711849539,0.9228336394342527,499
US equity market uncertainty,-0.20891765058148948,-0.00016356141237894756,3.674620596092558e-06,0.9967546804617564,499
Fed total assets,-0.17626975264855058,-0.0706020621689107,0.15880859588382668,0.6610417213580597,284
Recession probability,-0.16248287251888954,-0.04814014475123348,0.00019308358308030814,0.3297731485278621,665
Sticky CPI,-0.13842802042020577,-0.10250282497264092,9.651452950066562e-05,0.012797453414507417,666
Initial jobless claims,-0.12390461684264954,0.04929524969387818,1.61219787701024e-05,0.14401898125264564,667
Geopolitical acts,-0.12059536296082235,0.09636141916373919,0.06960758312927459,0.047578816299745835,499
Geopolitical risk,-0.1192613793234237,0.07136637380961784,0.06127011724373264,0.17203526367876498,499
Fed funds effective,-0.08995768037088321,-0.048235970399876774,0.06202212199940422,0.22994100368427184,667
US core CPI,-0.08789032578069356,-0.0884364752308104,0.048113680821699895,0.04246596570186467,664
Geopolitical threats,-0.0822275865968874,0.017420442031298108,0.14578409048217744,0.7408005050447308,499
10y minus 3m spread,-0.08124517129229528,-0.01846457134735212,0.15289677516630085,0.6891757409739537,535
US CPI,-0.0703399334107986,-0.06300939895519103,0.22558939601637007,0.1558435202019016,664
US nonfarm payrolls,-0.06295398333640836,-0.03506051699083072,0.008752879970011257,0.08080392322842495,666
POS Gold,-0.060494947398903126,0.03644113877191222,0.24642087406399504,0.47034712840371906,487
US 10-year yield,-0.05196302461125028,-0.08937331695052317,0.2869146302461265,0.041429010397338775,667
POS USD index,-0.047805978050771726,0.03713245904885656,0.24489589813985846,0.39172961177038235,399
US industrial production,-0.033352470976983566,-0.007963398345939504,0.4237011930444404,0.8738697090526525,665
10y minus 2y spread,-0.031060484283892808,0.07250337618465821,0.5684471284108981,0.15405143056455062,602
US 2-year yield,-0.02159572177116545,-0.09661750914041523,0.6815549142804822,0.043650536718291895,602
Gold,-0.009566187187919378,0.0056581810826219076,0.8318435653641322,0.8727380539382058,666
JPY per USD,0.016393739461773537,-0.02830813546952495,0.7087194546717255,0.4924434998812476,667
US house prices (Case-Shiller),0.019859776367922556,-0.017216534546908295,0.7473424109407716,0.7822140837444868,473
POS US 10-year notes,0.02801186567835595,-0.011229712037722453,0.5460059886137434,0.8288511894373807,487
US housing starts,0.03554930827353261,0.06949533625973926,0.3351697929226253,0.037355632097123136,666
Henry Hub natural gas,0.04613598830539543,-0.003992665563309512,0.39059649242308425,0.9544464398272245,353
US M2 money supply,0.04695473548154187,0.04047582472329619,0.26176751398000153,0.3586035566161505,665
US 3-month yield,0.05493197363044663,-0.03272491887717844,0.39935980719823194,0.43279800125443413,539
US unemployment rate,0.062243250323567194,0.046362477661221785,0.014712968799608293,0.026386370035861043,664
POS Crude oil,0.07773350519871983,-0.04836802901937402,0.06557752188669044,0.2824003986190917,487
Brent (long),0.11160852012107252,-0.06224887380763492,0.09273186846833163,0.35933858899953264,471
Supply chain pressure,0.11341394689887838,0.0446242761077832,0.05972648243238115,0.39674486732899883,343
WTI (long),0.11852295487502171,-0.06504411759583638,0.06828651545498708,0.28489356809122024,487
POS S&P 500,0.1389265364289446,0.031141854377662797,0.000859242695350743,0.36867658250261226,420
Consumer sentiment,0.14937047467381834,-0.03292036151225242,0.0010712892008177275,0.41260389060946934,582
USD per EUR,0.19945040220872148,0.05549473283258198,0.0020666811529585364,0.4545133948655318,331
Bitcoin,0.2796496258015517,0.14397634820936817,0.004818686437456086,0.019730293224238585,175
S&P PE10,0.3404968448489424,-0.03672761868254371,0.1188374402998541,0.3466575726342227,666
10y inflation breakeven,0.4361498175345659,0.029483716086471472,2.1111033024026976e-06,0.7449716219345244,283
