x,y,n,eg_t,eg_p,hedge_beta,cointegrated_5pct
US 10-year yield,US 2-year yield,604,-3.464394566230983,0.035684972077422515,0.8642441306767813,True
Brent (long),WTI (long),473,-3.2318317491233715,0.06476383713889615,1.112503714213478,False
US CPI,US core CPI,835,-2.325913660917087,0.3606958722832696,0.9799007681763421,False
Gold,US CPI,955,-0.4851829449417918,0.9653698548696523,6.929276179528741,False
Nasdaq Composite,US CPI,666,1.048821650849596,1.0,52.50170374994586,False
Nasdaq Composite,US M2 money supply,666,-0.34753384841579915,0.973576954652778,0.7437037691959035,False
Gold,USD broad index,248,-0.8242107369453663,0.9314470436406307,36.316623300316934,False
US 30-year mortgage rate,US 10-year yield,666,-4.232969052890338,0.0032496403524878087,1.0007330660863711,True
Bitcoin,Nasdaq Composite,177,-3.902106427456815,0.009853213593733793,4.619894347291875,True
Gold,Bitcoin,176,-3.7752578754129384,0.014620513460726441,0.022567757087078446,True
S&P PE10,US 10-year yield,776,-2.1081224326227677,0.4721220276610263,-1.7160802237895174,False
