pair,decade,n,r
equities vs 10y yield change,1970s,106,-0.24642698996167117
equities vs 10y yield change,1980s,120,-0.2009285891705227
equities vs 10y yield change,1990s,120,-0.19145068745900523
equities vs 10y yield change,2000s,120,0.27548008160596793
equities vs 10y yield change,2010s,120,0.43574868197448385
equities vs 10y yield change,2020s,81,-0.34147208884595887
equities vs VIX,1990s,119,-0.4741999712317589
equities vs VIX,2000s,120,-0.6413673923186403
equities vs VIX,2010s,120,-0.7084254166619343
equities vs VIX,2020s,81,-0.6438595957557554
bitcoin vs equities,2010s,95,0.13050517118779884
bitcoin vs equities,2020s,81,0.5509863522607736
gold vs real yield,2000s,83,-0.29230951796596455
gold vs real yield,2010s,120,-0.3312426029681785
gold vs real yield,2020s,80,-0.2853224842340816
equities vs dollar,2000s,47,-0.5927117622478701
equities vs dollar,2010s,120,-0.5458069447596886
equities vs dollar,2020s,81,-0.5033493926161211
gold vs equities,1970s,106,-0.09919025597584534
gold vs equities,1980s,120,0.14805116971616533
gold vs equities,1990s,120,-0.0696859973446266
gold vs equities,2000s,120,-0.03381722186335227
gold vs equities,2010s,120,-0.08124561529955993
gold vs equities,2020s,80,0.10261383867286229
