shock,horizon,n_spikes,n_all,mean_after_spike,ci_lo,ci_hi,baseline,excess,boot_p,p_fdr,sig_fdr
VIX,m0,47,394,-0.027519950997207828,-0.05110461631145703,-0.003191637679093186,0.009003028955279229,-0.03652297995248706,0.0012,0.026399999999999996,True
VIX,m1,47,394,0.019652185214923065,-0.0050157175693423825,0.04012987229087096,0.009027120615609997,0.010625064599313068,0.247,0.7703666666666668,False
VIX,m1_3,47,394,0.06852702597454488,0.0025020101937431485,0.11894651443584335,0.02694203297232236,0.04158499300222252,0.1034,0.49456,False
VIX,m1_12,47,394,0.18900408611232145,0.058607872912569296,0.2905370677688252,0.10776641247396679,0.08123767363835466,0.2878,0.7703666666666668,False
Geopolitical risk,m0,29,454,-0.00021199639689786296,-0.0277513094427445,0.02504918447233736,0.009487931160057575,-0.009699927556955437,0.3986,0.7703666666666668,False
Geopolitical risk,m1,29,454,0.016522554671741175,-0.013834880032767349,0.05082470888806623,0.009413583819114429,0.007108970852626746,0.518,0.8098933333333335,False
Geopolitical risk,m1_3,29,454,0.046250285106109956,-0.02030354380977409,0.11707467655440529,0.027838656618171576,0.01841162848793838,0.5522,0.8098933333333335,False
Geopolitical risk,m1_12,29,454,0.11807373020849048,0.003962671360372781,0.25902892375954856,0.11066446579878447,0.007409264409706004,0.9464,0.9906,False
Geopolitical threats,m0,39,454,0.0014839796843178332,-0.018943451753180626,0.02039669728653254,0.009487931160057575,-0.008003951475739741,0.4202,0.7703666666666668,False
Geopolitical threats,m1,39,454,0.018302503437995783,-0.010198234123143057,0.04880355468528752,0.009413583819114429,0.008888919618881354,0.3758,0.7703666666666668,False
Geopolitical threats,m1_3,39,454,0.05215130799650284,-0.00847260647100123,0.10930066181881844,0.027838656618171576,0.024312651378331263,0.383,0.7703666666666668,False
Geopolitical threats,m1_12,39,454,0.16415780835100371,0.05103793067469485,0.2737722599075286,0.11066446579878447,0.05349334255221924,0.5242,0.8098933333333335,False
Geopolitical acts,m0,30,454,0.007469655531256129,-0.012427723827054229,0.028773773358443513,0.009487931160057575,-0.0020182756288014457,0.8596,0.9455600000000001,False
Geopolitical acts,m1,30,454,0.030235351737845483,0.0014204215471657804,0.055662009246203396,0.009413583819114429,0.020821767918731054,0.0756,0.49456,False
Geopolitical acts,m1_3,30,454,0.04202973186302212,-0.007582218983421811,0.0846994491785952,0.027838656618171576,0.014191075244850544,0.6456,0.8634057142857143,False
Geopolitical acts,m1_12,30,454,0.11506573600604693,0.02372117755527635,0.211043569126432,0.11066446579878447,0.004401270207262456,0.9696,0.9906,False
US economic policy uncertainty,m0,40,454,-0.017638081630719248,-0.05942460296098858,0.01821825755523093,0.009487931160057575,-0.027126012790776824,0.0108,0.09504000000000001,False
US economic policy uncertainty,m1,40,454,0.013480460030620001,-0.013054852267940512,0.036116403759684036,0.009413583819114429,0.004066876211505572,0.6844,0.8634057142857143,False
US economic policy uncertainty,m1_3,40,454,0.03861882494974418,-0.014973895562022324,0.08840345995060243,0.027838656618171576,0.010780168331572606,0.6868,0.8634057142857143,False
US economic policy uncertainty,m1_12,40,454,0.14566675419656128,0.003415228569250357,0.25996420476474064,0.11066446579878447,0.035002288397776804,0.6858,0.8634057142857143,False
US equity market uncertainty,m0,30,454,-0.02805617753230445,-0.04589217573246296,-0.010083384044681865,0.009487931160057575,-0.03754410869236202,0.0038,0.044,True
US equity market uncertainty,m1,30,454,0.02168740781329192,-0.005736001955790884,0.04502692485141738,0.009413583819114429,0.01227382399417749,0.2784,0.7703666666666668,False
US equity market uncertainty,m1_3,30,454,0.07892301098755909,0.008621425912773217,0.13359896661742646,0.027838656618171576,0.05108435436938752,0.1124,0.49456,False
US equity market uncertainty,m1_12,30,454,0.26097840646437553,0.17399249345492007,0.34819455191909837,0.11066446579878447,0.15031394066559106,0.1082,0.49456,False
St. Louis financial stress,m0,42,347,-0.043461320581553414,-0.06874796396664949,-0.01836933397034182,0.008416466566478766,-0.05187778714803218,0.0,0.0,True
St. Louis financial stress,m1,42,347,0.010315856244191804,-0.023951101616010616,0.04152869999169797,0.008385775874199536,0.0019300803699922684,0.8492,0.9455600000000001,False
St. Louis financial stress,m1_3,42,347,0.01815617668990464,-0.07520965836599383,0.10931864243041411,0.0248693900430983,-0.006713213353193661,0.8188,0.9455600000000001,False
St. Louis financial stress,m1_12,42,347,0.018836098783659983,-0.1979972362836017,0.22302867185112063,0.09859833848696661,-0.07976223970330663,0.3586,0.7703666666666668,False
Chicago financial conditions,m0,72,622,-0.013830100869507348,-0.03784902503176322,0.01032489507062949,0.008826830536078476,-0.022656931405585824,0.004,0.044,True
Chicago financial conditions,m1,72,622,-0.001982442441132326,-0.023314215745338904,0.01994066738725839,0.008923522946432404,-0.01090596538756473,0.1458,0.5832,False
Chicago financial conditions,m1_3,72,622,0.02923553289327896,-0.03504599082427595,0.09411386246543146,0.026628649589306497,0.0026068833039724626,0.8988,0.9645658536585366,False
Chicago financial conditions,m1_12,72,622,0.07261509074135869,-0.10780651893451357,0.24162754896989766,0.11127368223765238,-0.03865859149629369,0.5006,0.8098933333333335,False
Supply chain pressure,m0,47,298,0.01477241419765816,-0.0021509369387367316,0.029145632219416944,0.007268076251085699,0.007504337946572461,0.3818,0.7703666666666668,False
Supply chain pressure,m1,47,298,0.016025883235497876,0.00292682075807348,0.029871940278641797,0.007590936254064434,0.008434946981433442,0.3218,0.7703666666666668,False
Supply chain pressure,m1_3,47,298,0.028986642509543404,-0.010484966610888312,0.06835253658776942,0.022728782651024054,0.00625785985851935,0.7912,0.9455600000000001,False
Supply chain pressure,m1_12,47,298,0.047358881824478394,-0.08201310255239463,0.1712798447138925,0.10038891770800042,-0.05303003588352202,0.4142,0.7703666666666668,False
US unemployment rate,m0,112,655,0.014436196660908365,-0.0011517401638051828,0.028868489099543083,0.008259352329527334,0.006176844331381031,0.3154,0.7703666666666668,False
US unemployment rate,m1,112,655,0.01163174251741439,-0.0034647150977654114,0.025695191797666994,0.008261262446266739,0.0033704800711476506,0.5864,0.8323096774193548,False
US unemployment rate,m1_3,112,655,0.03558773536247314,-0.004891421675648325,0.07420217786724541,0.02460801449657048,0.010979720865902657,0.5166,0.8098933333333335,False
US unemployment rate,m1_12,112,655,0.179763221812058,0.10511173381786966,0.24910565772296894,0.09898054768920106,0.08078267412285695,0.0958,0.49456,False
Initial jobless claims,m0,76,655,0.006572222539349123,-0.013567345183495687,0.025308990307754013,0.008259352329527334,-0.001687129790178211,0.8222,0.9455600000000001,False
Initial jobless claims,m1,76,655,0.00813739585187264,-0.01482703899907686,0.029871511422353614,0.008261262446266739,-0.00012386659439409843,0.9906,0.9906,False
Initial jobless claims,m1_3,76,655,0.03724222209073028,-0.02628125645121,0.09514224243477255,0.02460801449657048,0.012634207594159803,0.5362,0.8098933333333335,False
Initial jobless claims,m1_12,76,655,0.16518980348455267,0.029140772657082564,0.28879137183970904,0.09898054768920106,0.06620925579535161,0.2602,0.7703666666666668,False
