predictor,n_oos,r2_oos,sign_accuracy,in_sample_r
Chicago financial conditions,487,0.022206952953136017,0.6160164271047228,-0.19161412726625238
Geopolitical acts,319,0.005438746865571109,0.5768025078369906,0.09636141916373922
US core CPI,485,0.0025933527598726025,0.6123711340206186,-0.0884364752308104
Sticky CPI,487,0.0018303875930972824,0.6139630390143738,-0.10250282497264092
Geopolitical risk,319,0.0018149767268164085,0.5830721003134797,0.0713663738096179
US housing starts,487,0.00012031553155678054,0.5995893223819302,0.06949533625973922
POS Crude oil,307,-0.0004805752631695803,0.6026058631921825,-0.048368029019374016
US CPI,485,-0.0006246613975169346,0.6185567010309279,-0.06300939895519105
Gold,487,-0.0010959355941271287,0.6139630390143738,0.005658181082621911
Supply chain pressure,163,-0.0010985538230217085,0.656441717791411,0.044624276107783176
10y minus 2y spread,422,-0.0021155302997459824,0.6090047393364929,0.0725033761846581
Consumer sentiment,402,-0.0021400062226590855,0.6094527363184079,-0.03292036151225245
USD per EUR,151,-0.002519083331695704,0.6423841059602649,0.05549473283258199
US 3-month yield,359,-0.0028044552125143785,0.5988857938718662,-0.03272491887717844
US 2-year yield,422,-0.003123951901828459,0.6042654028436019,-0.0966175091404152
US economic policy uncertainty,319,-0.003856306097624884,0.5893416927899686,-0.0043868709254958555
POS USD index,219,-0.004188248335371014,0.6301369863013698,0.03713245904885656
US equity market uncertainty,319,-0.0042760368408234495,0.5893416927899686,-0.0001635614123789576
POS Gold,307,-0.004315617688132045,0.6026058631921825,0.03644113877191223
US M2 money supply,486,-0.004619271387720669,0.5823045267489712,0.040475824723296194
Geopolitical threats,319,-0.004724254486068391,0.5862068965517241,0.01742044203129809
POS US 10-year notes,307,-0.00494503460379625,0.6026058631921825,-0.011229712037722502
CAD per USD,487,-0.005099650329444927,0.6139630390143738,0.0007750512876015298
10y inflation breakeven,103,-0.0055706639737362895,0.6601941747572816,0.02948371608647147
10y minus 3m spread,355,-0.005956525070721863,0.6,-0.018464571347352125
Fed funds effective,487,-0.006224937152172316,0.6078028747433265,-0.048235970399876774
JPY per USD,487,-0.006389378126103518,0.6057494866529775,-0.028308135469524962
VIX,259,-0.0071440589519597975,0.6138996138996139,-0.04122223378055918
US industrial production,486,-0.007530721951187536,0.6049382716049383,-0.007963398345939525
Recession probability,486,-0.007988694892238524,0.6049382716049383,-0.048140144751233516
POS S&P 500,240,-0.00814965452656935,0.5833333333333334,0.03114185437766281
US 10-year yield,487,-0.008534349144957876,0.5872689938398358,-0.08937331695052317
MXN per USD,213,-0.008774712017030284,0.6244131455399061,-0.011790958191868395
10y real yield (TIPS),103,-0.016118699409541026,0.6601941747572816,-0.02919805280733697
US nonfarm payrolls,487,-0.01620321652025347,0.6098562628336756,-0.03506051699083071
USD broad index,67,-0.019439075580012455,0.6417910447761194,-0.04699982261459234
S&P PE10,487,-0.019657069809662975,0.6057494866529775,-0.03672761868254373
Initial jobless claims,487,-0.022383241206580085,0.6098562628336756,0.04929524969387817
WTI (long),307,-0.029122601754911548,0.5700325732899023,-0.06504411759583639
US house prices (Case-Shiller),293,-0.031546196835683826,0.6143344709897611,-0.01721653454690827
Henry Hub natural gas,173,-0.03574056130971348,0.6358381502890174,-0.003992665563309502
St. Louis financial stress,212,-0.03746378611496759,0.6367924528301887,-0.036996455115472095
US unemployment rate,485,-0.03895271384864718,0.6,0.04636247766122178
Brent (long),291,-0.05907752161747437,0.5773195876288659,-0.06224887380763501
Fed total assets,104,-0.06987356802094613,0.6346153846153846,-0.07060206216891067
