series,lag,ljung_box_Q,p,autocorr
return,1,6.939252234507511,0.008432435730820812,0.10179832079663903
return,3,7.920721463154903,0.04767888586311985,0.009535223725055796
return,6,8.308932166954854,0.21633250065432544,0.018994803060351177
return,12,13.558498411722066,0.329785054966685,-0.005689478846567533
abs return (volatility),1,30.589863263561643,3.187547807032044e-08,0.21387226526918585
abs return (volatility),3,87.20431833221805,8.72828990051082e-19,0.17834703427612386
abs return (volatility),6,165.76004383855113,3.564614889498834e-33,0.18786773360518821
abs return (volatility),12,233.64830426851665,3.477153605939689e-43,0.16162253399818505
squared return,1,18.654777435689823,1.5665424535148585e-05,0.16689754402338652
squared return,3,60.84152603693334,3.885442861167594e-13,0.17237413939868404
squared return,6,108.34456554251548,4.527214597444345e-21,0.1388242816092653
squared return,12,175.97334868705988,2.8567827418223943e-31,0.1394962398732527
