date,title,series,category,severity,value,unit,source_url,origin
1986-04-16,U.S. Bombing of Libya,geopolitical spike,conflict,major,340.5443420410156,GPR index on the day,https://www.matteoiacoviello.com/gpr.htm,caldara-iacoviello
1991-01-15,Gulf War - Operation Desert Storm,geopolitical spike,conflict,major,572.3030395507812,GPR index on the day,https://www.matteoiacoviello.com/gpr.htm,caldara-iacoviello
2001-10-03,U.S. Invades Afghanistan,geopolitical spike,conflict,major,818.9638671875,GPR index on the day,https://www.matteoiacoviello.com/gpr.htm,caldara-iacoviello
2002-09-13,Bush Seeks UN Approval for Iraq War; Putin Threatens War with Georgia,geopolitical spike,conflict,major,301.14251708984375,GPR index on the day,https://www.matteoiacoviello.com/gpr.htm,caldara-iacoviello
2003-02-14,War Fears U.S./Iraq; Terrorism in UK; Tension with North Korea,geopolitical spike,conflict,major,344.46112060546875,GPR index on the day,https://www.matteoiacoviello.com/gpr.htm,caldara-iacoviello
2003-03-21,Beginning of the Iraq War,geopolitical spike,conflict,major,595.0257568359375,GPR index on the day,https://www.matteoiacoviello.com/gpr.htm,caldara-iacoviello
2004-08-03,Terrorist Threats in New York and Washington,geopolitical spike,conflict,major,344.61956787109375,GPR index on the day,https://www.matteoiacoviello.com/gpr.htm,caldara-iacoviello
2005-07-08,London Bombings 7/7,geopolitical spike,conflict,major,469.2022399902344,GPR index on the day,https://www.matteoiacoviello.com/gpr.htm,caldara-iacoviello
2015-11-17,Paris Terrorist Attacks,geopolitical spike,conflict,major,354.0518798828125,GPR index on the day,https://www.matteoiacoviello.com/gpr.htm,caldara-iacoviello
2020-01-07,U.S. / Iran Tensions Escalate,geopolitical spike,conflict,major,413.4556884765625,GPR index on the day,https://www.matteoiacoviello.com/gpr.htm,caldara-iacoviello
2022-02-25,Russia / Ukraine Tensions,geopolitical spike,conflict,major,515.8916625976562,GPR index on the day,https://www.matteoiacoviello.com/gpr.htm,caldara-iacoviello
