date,series,value,unit
1998-01-31,Global supply chain pressure,-1.1600516675627888,standard deviations from average
1998-02-28,Global supply chain pressure,-0.4391677873204087,standard deviations from average
1998-03-31,Global supply chain pressure,-0.032844093621728,standard deviations from average
1998-04-30,Global supply chain pressure,-0.0898677943630872,standard deviations from average
1998-05-31,Global supply chain pressure,-0.42272603208758386,standard deviations from average
1998-06-30,Global supply chain pressure,-0.7637370157024213,standard deviations from average
1998-07-31,Global supply chain pressure,-0.8795098532796454,standard deviations from average
1998-08-31,Global supply chain pressure,-0.890151311860367,standard deviations from average
1998-09-30,Global supply chain pressure,-0.916962722708827,standard deviations from average
1998-10-31,Global supply chain pressure,-0.6392938442912836,standard deviations from average
1998-11-30,Global supply chain pressure,-0.8254116338054897,standard deviations from average
1998-12-31,Global supply chain pressure,-0.5856797000350213,standard deviations from average
1999-01-31,Global supply chain pressure,-0.29077697627161964,standard deviations from average
1999-02-28,Global supply chain pressure,-0.06313436447850271,standard deviations from average
1999-03-31,Global supply chain pressure,-0.3169818010614239,standard deviations from average
1999-04-30,Global supply chain pressure,-0.24158238040466187,standard deviations from average
1999-05-31,Global supply chain pressure,-0.3982314579820198,standard deviations from average
1999-06-30,Global supply chain pressure,-0.3739841035220725,standard deviations from average
1999-07-31,Global supply chain pressure,-0.6519522575519211,standard deviations from average
1999-08-31,Global supply chain pressure,-0.4710880580557116,standard deviations from average
1999-09-30,Global supply chain pressure,-0.3883938845557178,standard deviations from average
1999-10-31,Global supply chain pressure,-0.14308344703729065,standard deviations from average
1999-11-30,Global supply chain pressure,-0.18948181037150127,standard deviations from average
1999-12-31,Global supply chain pressure,-0.183851249864508,standard deviations from average
2000-01-31,Global supply chain pressure,-0.6042471526820733,standard deviations from average
2000-02-29,Global supply chain pressure,-0.4184310394222748,standard deviations from average
2000-03-31,Global supply chain pressure,-0.2567428834958882,standard deviations from average
2000-04-30,Global supply chain pressure,0.14165897259069823,standard deviations from average
2000-05-31,Global supply chain pressure,0.33193948155156094,standard deviations from average
2000-06-30,Global supply chain pressure,0.09003200244423072,standard deviations from average
2000-07-31,Global supply chain pressure,0.08126389848809022,standard deviations from average
2000-08-31,Global supply chain pressure,0.17975661229720669,standard deviations from average
2000-09-30,Global supply chain pressure,0.08848519094067561,standard deviations from average
2000-10-31,Global supply chain pressure,-0.4515289185708352,standard deviations from average
2000-11-30,Global supply chain pressure,-0.6779646390604842,standard deviations from average
2000-12-31,Global supply chain pressure,-0.9067654797401367,standard deviations from average
2001-01-31,Global supply chain pressure,-0.851970718793269,standard deviations from average
2001-02-28,Global supply chain pressure,-0.6685014967702322,standard deviations from average
2001-03-31,Global supply chain pressure,-0.5596858931485098,standard deviations from average
2001-04-30,Global supply chain pressure,-0.9291097104986046,standard deviations from average
2001-05-31,Global supply chain pressure,-1.0487802498046834,standard deviations from average
2001-06-30,Global supply chain pressure,-0.6920443605458241,standard deviations from average
2001-07-31,Global supply chain pressure,-0.8654136741714868,standard deviations from average
2001-08-31,Global supply chain pressure,-0.8268351172164677,standard deviations from average
2001-09-30,Global supply chain pressure,-0.7132242575179698,standard deviations from average
2001-10-31,Global supply chain pressure,-1.2677445122597237,standard deviations from average
2001-11-30,Global supply chain pressure,-1.5028369718485746,standard deviations from average
2001-12-31,Global supply chain pressure,-1.2358452796007002,standard deviations from average
2002-01-31,Global supply chain pressure,-1.0448279055268386,standard deviations from average
2002-02-28,Global supply chain pressure,-0.5828680703690375,standard deviations from average
2002-03-31,Global supply chain pressure,-0.5114066827897931,standard deviations from average
2002-04-30,Global supply chain pressure,-0.6930262084639878,standard deviations from average
2002-05-31,Global supply chain pressure,-0.38581409284372986,standard deviations from average
2002-06-30,Global supply chain pressure,-0.6547297567003998,standard deviations from average
2002-07-31,Global supply chain pressure,-0.97884707532076,standard deviations from average
2002-08-31,Global supply chain pressure,-1.108583456475998,standard deviations from average
2002-09-30,Global supply chain pressure,-1.148796742548756,standard deviations from average
2002-10-31,Global supply chain pressure,-1.2564333359354927,standard deviations from average
2002-11-30,Global supply chain pressure,-0.7304750698171322,standard deviations from average
2002-12-31,Global supply chain pressure,-0.6856969476922853,standard deviations from average
2003-01-31,Global supply chain pressure,-0.6261240835832187,standard deviations from average
2003-02-28,Global supply chain pressure,-0.3274503507216472,standard deviations from average
2003-03-31,Global supply chain pressure,-0.35300000979078244,standard deviations from average
2003-04-30,Global supply chain pressure,-0.5475567080724923,standard deviations from average
2003-05-31,Global supply chain pressure,-0.1648824925711657,standard deviations from average
2003-06-30,Global supply chain pressure,-0.1294411828206465,standard deviations from average
2003-07-31,Global supply chain pressure,-0.031411377192705696,standard deviations from average
2003-08-31,Global supply chain pressure,-0.09140170816772523,standard deviations from average
2003-09-30,Global supply chain pressure,0.051995793269685016,standard deviations from average
2003-10-31,Global supply chain pressure,-0.30037383978855026,standard deviations from average
2003-11-30,Global supply chain pressure,-0.4624764968219202,standard deviations from average
2003-12-31,Global supply chain pressure,-0.4018967069489738,standard deviations from average
2004-01-31,Global supply chain pressure,-0.5402584020360433,standard deviations from average
2004-02-29,Global supply chain pressure,-0.425398193464917,standard deviations from average
2004-03-31,Global supply chain pressure,-0.06565412896287971,standard deviations from average
2004-04-30,Global supply chain pressure,0.3386749505525953,standard deviations from average
2004-05-31,Global supply chain pressure,0.2674224072809027,standard deviations from average
2004-06-30,Global supply chain pressure,0.37365253902926787,standard deviations from average
2004-07-31,Global supply chain pressure,-0.5151358351041523,standard deviations from average
2004-08-31,Global supply chain pressure,0.07336807785968025,standard deviations from average
2004-09-30,Global supply chain pressure,-0.05109874259424095,standard deviations from average
2004-10-31,Global supply chain pressure,-0.6557446405978046,standard deviations from average
2004-11-30,Global supply chain pressure,-0.04486024436109791,standard deviations from average
2004-12-31,Global supply chain pressure,0.08834634742193599,standard deviations from average
2005-01-31,Global supply chain pressure,-0.171904881646604,standard deviations from average
2005-02-28,Global supply chain pressure,-0.22317001600021075,standard deviations from average
2005-03-31,Global supply chain pressure,-0.3170587326610232,standard deviations from average
2005-04-30,Global supply chain pressure,-1.37311314818613,standard deviations from average
2005-05-31,Global supply chain pressure,-1.0352607795286923,standard deviations from average
2005-06-30,Global supply chain pressure,-0.9707702092845679,standard deviations from average
2005-07-31,Global supply chain pressure,-0.9495410687665882,standard deviations from average
2005-08-31,Global supply chain pressure,-0.5694532847083769,standard deviations from average
2005-09-30,Global supply chain pressure,0.008201608604282325,standard deviations from average
2005-10-31,Global supply chain pressure,-0.15650420124553302,standard deviations from average
2005-11-30,Global supply chain pressure,-0.7450255467656945,standard deviations from average
2005-12-31,Global supply chain pressure,-0.8123495621109648,standard deviations from average
2006-01-31,Global supply chain pressure,-0.4606721769156203,standard deviations from average
2006-02-28,Global supply chain pressure,-0.8328007712076783,standard deviations from average
2006-03-31,Global supply chain pressure,-0.44462794967222036,standard deviations from average
2006-04-30,Global supply chain pressure,0.05732683988791932,standard deviations from average
2006-05-31,Global supply chain pressure,0.0903981104581446,standard deviations from average
2006-06-30,Global supply chain pressure,0.11732924266354401,standard deviations from average
2006-07-31,Global supply chain pressure,-0.11373591592955479,standard deviations from average
2006-08-31,Global supply chain pressure,0.051041912579979816,standard deviations from average
2006-09-30,Global supply chain pressure,-0.6479870207141332,standard deviations from average
2006-10-31,Global supply chain pressure,-0.523439986427623,standard deviations from average
2006-11-30,Global supply chain pressure,-0.23304223478272001,standard deviations from average
2006-12-31,Global supply chain pressure,-0.4671807732817475,standard deviations from average
2007-01-31,Global supply chain pressure,-0.8884969406825508,standard deviations from average
2007-02-28,Global supply chain pressure,-0.7159183273571791,standard deviations from average
2007-03-31,Global supply chain pressure,-0.580448472668291,standard deviations from average
2007-04-30,Global supply chain pressure,-0.8338492105127494,standard deviations from average
2007-05-31,Global supply chain pressure,-0.41763401374151443,standard deviations from average
2007-06-30,Global supply chain pressure,-0.3924959129305715,standard deviations from average
2007-07-31,Global supply chain pressure,-0.44814687850747437,standard deviations from average
2007-08-31,Global supply chain pressure,-0.11801295047361832,standard deviations from average
2007-09-30,Global supply chain pressure,-0.03604397837770607,standard deviations from average
2007-10-31,Global supply chain pressure,-0.6154611801177577,standard deviations from average
2007-11-30,Global supply chain pressure,-0.4949253518126249,standard deviations from average
2007-12-31,Global supply chain pressure,-0.16990467645110308,standard deviations from average
2008-01-31,Global supply chain pressure,-0.3915311692986445,standard deviations from average
2008-02-29,Global supply chain pressure,0.4255220237758869,standard deviations from average
2008-03-31,Global supply chain pressure,0.13549545443474237,standard deviations from average
2008-04-30,Global supply chain pressure,0.13158843430762757,standard deviations from average
2008-05-31,Global supply chain pressure,-0.14488774165812499,standard deviations from average
2008-06-30,Global supply chain pressure,0.2714194257718681,standard deviations from average
2008-07-31,Global supply chain pressure,1.0077255595196897,standard deviations from average
2008-08-31,Global supply chain pressure,0.27013785626131426,standard deviations from average
2008-09-30,Global supply chain pressure,-0.5627395650486101,standard deviations from average
2008-10-31,Global supply chain pressure,-1.0465173172885402,standard deviations from average
2008-11-30,Global supply chain pressure,-1.529892188272862,standard deviations from average
2008-12-31,Global supply chain pressure,-0.6537504988135321,standard deviations from average
2009-01-31,Global supply chain pressure,-0.42062932832151445,standard deviations from average
2009-02-28,Global supply chain pressure,-0.5168520496570234,standard deviations from average
2009-03-31,Global supply chain pressure,0.11783658134646491,standard deviations from average
2009-04-30,Global supply chain pressure,0.8197921736860653,standard deviations from average
2009-05-31,Global supply chain pressure,0.3093950549917754,standard deviations from average
2009-06-30,Global supply chain pressure,-0.5549572703435335,standard deviations from average
2009-07-31,Global supply chain pressure,-0.7966177838931705,standard deviations from average
2009-08-31,Global supply chain pressure,-1.1690835403089626,standard deviations from average
2009-09-30,Global supply chain pressure,-0.5130046784068046,standard deviations from average
2009-10-31,Global supply chain pressure,-0.4356903992461586,standard deviations from average
2009-11-30,Global supply chain pressure,-0.7836445170643374,standard deviations from average
2009-12-31,Global supply chain pressure,-0.619834441755625,standard deviations from average
2010-01-31,Global supply chain pressure,-0.32311815675640304,standard deviations from average
2010-02-28,Global supply chain pressure,-0.1799680220340981,standard deviations from average
2010-03-31,Global supply chain pressure,0.33613711649886646,standard deviations from average
2010-04-30,Global supply chain pressure,0.25388381858931325,standard deviations from average
2010-05-31,Global supply chain pressure,0.376119753285043,standard deviations from average
2010-06-30,Global supply chain pressure,-0.0797138821559924,standard deviations from average
2010-07-31,Global supply chain pressure,-0.07318448346591318,standard deviations from average
2010-08-31,Global supply chain pressure,0.3177865315544136,standard deviations from average
2010-09-30,Global supply chain pressure,0.364324369282533,standard deviations from average
2010-10-31,Global supply chain pressure,0.684953018659957,standard deviations from average
2010-11-30,Global supply chain pressure,0.40836565968004096,standard deviations from average
2010-12-31,Global supply chain pressure,0.6558867050064666,standard deviations from average
2011-01-31,Global supply chain pressure,0.7285108763433645,standard deviations from average
2011-02-28,Global supply chain pressure,0.31744949019182633,standard deviations from average
2011-03-31,Global supply chain pressure,0.7045576634173211,standard deviations from average
2011-04-30,Global supply chain pressure,1.5784878148107122,standard deviations from average
2011-05-31,Global supply chain pressure,0.9047677432473126,standard deviations from average
2011-06-30,Global supply chain pressure,0.19647503429990015,standard deviations from average
2011-07-31,Global supply chain pressure,0.28698596150409866,standard deviations from average
2011-08-31,Global supply chain pressure,-0.12660346588217844,standard deviations from average
2011-09-30,Global supply chain pressure,-0.5751142827025911,standard deviations from average
2011-10-31,Global supply chain pressure,-0.40476601927882866,standard deviations from average
2011-11-30,Global supply chain pressure,0.13766232659247782,standard deviations from average
2011-12-31,Global supply chain pressure,-0.06636739431824577,standard deviations from average
2012-01-31,Global supply chain pressure,0.35716367318125103,standard deviations from average
2012-02-29,Global supply chain pressure,-0.013405210333230414,standard deviations from average
2012-03-31,Global supply chain pressure,-0.3959655940202106,standard deviations from average
2012-04-30,Global supply chain pressure,-0.33268900121221445,standard deviations from average
2012-05-31,Global supply chain pressure,-0.6969618829372443,standard deviations from average
2012-06-30,Global supply chain pressure,-0.712912975711802,standard deviations from average
2012-07-31,Global supply chain pressure,-0.6719831856956775,standard deviations from average
2012-08-31,Global supply chain pressure,-0.14810912956240832,standard deviations from average
2012-09-30,Global supply chain pressure,-0.2694645956271887,standard deviations from average
2012-10-31,Global supply chain pressure,-0.017397996760378776,standard deviations from average
2012-11-30,Global supply chain pressure,-0.36048650841428403,standard deviations from average
2012-12-31,Global supply chain pressure,-0.16748988649347402,standard deviations from average
2013-01-31,Global supply chain pressure,-0.08095424362322963,standard deviations from average
2013-02-28,Global supply chain pressure,-0.41274159642494773,standard deviations from average
2013-03-31,Global supply chain pressure,-0.5717302580170998,standard deviations from average
2013-04-30,Global supply chain pressure,-0.7691658006236548,standard deviations from average
2013-05-31,Global supply chain pressure,-0.8785078700747397,standard deviations from average
2013-06-30,Global supply chain pressure,-0.6842054525723914,standard deviations from average
2013-07-31,Global supply chain pressure,-0.672500273283765,standard deviations from average
2013-08-31,Global supply chain pressure,-0.5817597128709737,standard deviations from average
2013-09-30,Global supply chain pressure,-0.27793279152625533,standard deviations from average
2013-10-31,Global supply chain pressure,-0.201631307575117,standard deviations from average
2013-11-30,Global supply chain pressure,-0.7073351082064928,standard deviations from average
2013-12-31,Global supply chain pressure,-0.5046627756618611,standard deviations from average
2014-01-31,Global supply chain pressure,-0.6522763866969363,standard deviations from average
2014-02-28,Global supply chain pressure,-0.28955761823288567,standard deviations from average
2014-03-31,Global supply chain pressure,-0.6255426708225991,standard deviations from average
2014-04-30,Global supply chain pressure,-0.8105002569896473,standard deviations from average
2014-05-31,Global supply chain pressure,-0.8226838760038495,standard deviations from average
2014-06-30,Global supply chain pressure,-0.7091683184279939,standard deviations from average
2014-07-31,Global supply chain pressure,-0.8307570303542249,standard deviations from average
2014-08-31,Global supply chain pressure,-0.6494812668689439,standard deviations from average
2014-09-30,Global supply chain pressure,-0.8515791864513693,standard deviations from average
2014-10-31,Global supply chain pressure,-0.620916088233909,standard deviations from average
2014-11-30,Global supply chain pressure,-1.0285348760427455,standard deviations from average
2014-12-31,Global supply chain pressure,-0.44595344706484663,standard deviations from average
2015-01-31,Global supply chain pressure,-0.5361908369370988,standard deviations from average
2015-02-28,Global supply chain pressure,-0.3599863266966839,standard deviations from average
2015-03-31,Global supply chain pressure,-0.4311792522149802,standard deviations from average
2015-04-30,Global supply chain pressure,-0.37030259575230506,standard deviations from average
2015-05-31,Global supply chain pressure,-0.5867178901659157,standard deviations from average
2015-06-30,Global supply chain pressure,-0.8995067964939364,standard deviations from average
2015-07-31,Global supply chain pressure,-0.43957665302970605,standard deviations from average
2015-08-31,Global supply chain pressure,-0.7192023528860605,standard deviations from average
2015-09-30,Global supply chain pressure,-0.4224080800562094,standard deviations from average
2015-10-31,Global supply chain pressure,-0.2571874516241924,standard deviations from average
2015-11-30,Global supply chain pressure,-0.6823550892254429,standard deviations from average
2015-12-31,Global supply chain pressure,-0.6413623769151201,standard deviations from average
2016-01-31,Global supply chain pressure,-0.8342090777670749,standard deviations from average
2016-02-29,Global supply chain pressure,-0.7707055755938916,standard deviations from average
2016-03-31,Global supply chain pressure,-0.6570869320833955,standard deviations from average
2016-04-30,Global supply chain pressure,-0.26808526170192626,standard deviations from average
2016-05-31,Global supply chain pressure,-0.7467708388201484,standard deviations from average
2016-06-30,Global supply chain pressure,-0.30626590150759575,standard deviations from average
2016-07-31,Global supply chain pressure,-0.19138436116031696,standard deviations from average
2016-08-31,Global supply chain pressure,0.08606766661287257,standard deviations from average
2016-09-30,Global supply chain pressure,-0.30763781104292554,standard deviations from average
2016-10-31,Global supply chain pressure,-0.0864538510544977,standard deviations from average
2016-11-30,Global supply chain pressure,-0.33870790094776454,standard deviations from average
2016-12-31,Global supply chain pressure,-0.2541623906577076,standard deviations from average
2017-01-31,Global supply chain pressure,0.16030341080395724,standard deviations from average
2017-02-28,Global supply chain pressure,0.16826079426512458,standard deviations from average
2017-03-31,Global supply chain pressure,0.07832140718012029,standard deviations from average
2017-04-30,Global supply chain pressure,-0.0002759875601189945,standard deviations from average
2017-05-31,Global supply chain pressure,-0.1656439569682294,standard deviations from average
2017-06-30,Global supply chain pressure,0.0743968124627188,standard deviations from average
2017-07-31,Global supply chain pressure,0.07435134196285038,standard deviations from average
2017-08-31,Global supply chain pressure,0.37933686431200114,standard deviations from average
2017-09-30,Global supply chain pressure,0.525686240579803,standard deviations from average
2017-10-31,Global supply chain pressure,0.7626204369491685,standard deviations from average
2017-11-30,Global supply chain pressure,0.806224794218841,standard deviations from average
2017-12-31,Global supply chain pressure,0.663028481463247,standard deviations from average
2018-01-31,Global supply chain pressure,0.5666738490225074,standard deviations from average
2018-02-28,Global supply chain pressure,0.042092871205108046,standard deviations from average
2018-03-31,Global supply chain pressure,0.4202687117811749,standard deviations from average
2018-04-30,Global supply chain pressure,0.4942592554331016,standard deviations from average
2018-05-31,Global supply chain pressure,0.35100013239323197,standard deviations from average
2018-06-30,Global supply chain pressure,0.4059007826000529,standard deviations from average
2018-07-31,Global supply chain pressure,0.41060045325556493,standard deviations from average
2018-08-31,Global supply chain pressure,0.5187556065647584,standard deviations from average
2018-09-30,Global supply chain pressure,0.4495795424202794,standard deviations from average
2018-10-31,Global supply chain pressure,0.5107229116072696,standard deviations from average
2018-11-30,Global supply chain pressure,0.43589794626757855,standard deviations from average
2018-12-31,Global supply chain pressure,0.44610832087208313,standard deviations from average
2019-01-31,Global supply chain pressure,0.49531312328939364,standard deviations from average
2019-02-28,Global supply chain pressure,0.11688106899803855,standard deviations from average
2019-03-31,Global supply chain pressure,0.19475443488317098,standard deviations from average
2019-04-30,Global supply chain pressure,-0.0075064359789418856,standard deviations from average
2019-05-31,Global supply chain pressure,-0.6410990176735388,standard deviations from average
2019-06-30,Global supply chain pressure,-0.4748601001502597,standard deviations from average
2019-07-31,Global supply chain pressure,-0.4630172519388437,standard deviations from average
2019-08-31,Global supply chain pressure,-0.3109392322308492,standard deviations from average
2019-09-30,Global supply chain pressure,0.11679491613991888,standard deviations from average
2019-10-31,Global supply chain pressure,0.06687536853683938,standard deviations from average
2019-11-30,Global supply chain pressure,0.13492115529897458,standard deviations from average
2019-12-31,Global supply chain pressure,0.02007465636060211,standard deviations from average
2020-01-31,Global supply chain pressure,0.05656601984109483,standard deviations from average
2020-02-29,Global supply chain pressure,1.2092427448007548,standard deviations from average
2020-03-31,Global supply chain pressure,2.59721148522206,standard deviations from average
2020-04-30,Global supply chain pressure,3.339877258806522,standard deviations from average
2020-05-31,Global supply chain pressure,2.568726923912654,standard deviations from average
2020-06-30,Global supply chain pressure,2.3032805833352885,standard deviations from average
2020-07-31,Global supply chain pressure,2.9535761500863,standard deviations from average
2020-08-31,Global supply chain pressure,1.4739309393485975,standard deviations from average
2020-09-30,Global supply chain pressure,0.6297042186335959,standard deviations from average
2020-10-31,Global supply chain pressure,0.10774594369259739,standard deviations from average
2020-11-30,Global supply chain pressure,0.7573539590540824,standard deviations from average
2020-12-31,Global supply chain pressure,1.694970691692934,standard deviations from average
2021-01-31,Global supply chain pressure,1.3302607204033265,standard deviations from average
2021-02-28,Global supply chain pressure,1.9626438204478887,standard deviations from average
2021-03-31,Global supply chain pressure,2.274813314155322,standard deviations from average
2021-04-30,Global supply chain pressure,2.769524243455533,standard deviations from average
2021-05-31,Global supply chain pressure,3.0489150646430327,standard deviations from average
2021-06-30,Global supply chain pressure,2.752509470873811,standard deviations from average
2021-07-31,Global supply chain pressure,2.958837704615834,standard deviations from average
2021-08-31,Global supply chain pressure,3.3191091917530513,standard deviations from average
2021-09-30,Global supply chain pressure,3.3779836341061653,standard deviations from average
2021-10-31,Global supply chain pressure,3.9185421767148214,standard deviations from average
2021-11-30,Global supply chain pressure,4.3469253892512825,standard deviations from average
2021-12-31,Global supply chain pressure,4.430888199192099,standard deviations from average
2022-01-31,Global supply chain pressure,3.7068689003490487,standard deviations from average
2022-02-28,Global supply chain pressure,2.803848595282345,standard deviations from average
2022-03-31,Global supply chain pressure,2.848588382877451,standard deviations from average
2022-04-30,Global supply chain pressure,3.5165812788756137,standard deviations from average
2022-05-31,Global supply chain pressure,2.7282449141124183,standard deviations from average
2022-06-30,Global supply chain pressure,2.403607876459831,standard deviations from average
2022-07-31,Global supply chain pressure,1.8175016244296047,standard deviations from average
2022-08-31,Global supply chain pressure,1.5017887765636246,standard deviations from average
2022-09-30,Global supply chain pressure,0.9816786687744956,standard deviations from average
2022-10-31,Global supply chain pressure,1.0875963633488048,standard deviations from average
2022-11-30,Global supply chain pressure,1.2625080172593022,standard deviations from average
2022-12-31,Global supply chain pressure,1.3386135586223376,standard deviations from average
2023-01-31,Global supply chain pressure,1.0663678131590504,standard deviations from average
2023-02-28,Global supply chain pressure,-0.25872965472443715,standard deviations from average
2023-03-31,Global supply chain pressure,-1.1895901188595583,standard deviations from average
2023-04-30,Global supply chain pressure,-1.3300979326037035,standard deviations from average
2023-05-31,Global supply chain pressure,-1.5909652788663233,standard deviations from average
2023-06-30,Global supply chain pressure,-1.1114669203470782,standard deviations from average
2023-07-31,Global supply chain pressure,-0.9205218018322341,standard deviations from average
2023-08-31,Global supply chain pressure,-1.1038261779897665,standard deviations from average
2023-09-30,Global supply chain pressure,-0.663694596435522,standard deviations from average
2023-10-31,Global supply chain pressure,-0.38869766777222714,standard deviations from average
2023-11-30,Global supply chain pressure,0.19233840676504604,standard deviations from average
2023-12-31,Global supply chain pressure,-0.14813257165692004,standard deviations from average
2024-01-31,Global supply chain pressure,-0.3493451527158638,standard deviations from average
2024-02-29,Global supply chain pressure,-0.19210296263084445,standard deviations from average
2024-03-31,Global supply chain pressure,-0.36021747444825103,standard deviations from average
2024-04-30,Global supply chain pressure,-0.9780168796685041,standard deviations from average
2024-05-31,Global supply chain pressure,-0.5856674129943529,standard deviations from average
2024-06-30,Global supply chain pressure,-0.3582150542869428,standard deviations from average
2024-07-31,Global supply chain pressure,-0.04489467910026823,standard deviations from average
2024-08-31,Global supply chain pressure,0.23807477444288372,standard deviations from average
2024-09-30,Global supply chain pressure,0.11837794027454829,standard deviations from average
2024-10-31,Global supply chain pressure,-0.38789541061566407,standard deviations from average
2024-11-30,Global supply chain pressure,-0.3095556391295642,standard deviations from average
2024-12-31,Global supply chain pressure,-0.2971397623943753,standard deviations from average
2025-01-31,Global supply chain pressure,-0.20637900715501345,standard deviations from average
2025-02-28,Global supply chain pressure,-0.014462951798406615,standard deviations from average
2025-03-31,Global supply chain pressure,-0.19970286144776347,standard deviations from average
2025-04-30,Global supply chain pressure,-0.23433338556817032,standard deviations from average
2025-05-31,Global supply chain pressure,0.29047638109170093,standard deviations from average
2025-06-30,Global supply chain pressure,0.0890165719342628,standard deviations from average
2025-07-31,Global supply chain pressure,0.016937007713255292,standard deviations from average
2025-08-31,Global supply chain pressure,-0.08539667663936643,standard deviations from average
2025-09-30,Global supply chain pressure,-0.024020355326535927,standard deviations from average
2025-10-31,Global supply chain pressure,-0.07837823509053587,standard deviations from average
2025-11-30,Global supply chain pressure,-0.12375426519001406,standard deviations from average
2025-12-31,Global supply chain pressure,0.5774345158964334,standard deviations from average
2026-01-31,Global supply chain pressure,0.48307927353840757,standard deviations from average
2026-02-28,Global supply chain pressure,0.5870169441508151,standard deviations from average
2026-03-31,Global supply chain pressure,0.6802273608102469,standard deviations from average
2026-04-30,Global supply chain pressure,1.852569523221044,standard deviations from average
2026-05-31,Global supply chain pressure,1.8250032136265557,standard deviations from average
2026-06-30,Global supply chain pressure,1.1993968920534597,standard deviations from average
2026-07-31,Global supply chain pressure,0.9362714661285535,standard deviations from average
2026-08-31,Global supply chain pressure,1.0625436305162717,standard deviations from average
