date,series,value,unit,source_repo
1953-04-01,us_10y,2.83,percent per annum,github.com/datasets/bond-yields-us-10y
1953-05-01,us_10y,3.05,percent per annum,github.com/datasets/bond-yields-us-10y
1953-06-01,us_10y,3.11,percent per annum,github.com/datasets/bond-yields-us-10y
1953-07-01,us_10y,2.93,percent per annum,github.com/datasets/bond-yields-us-10y
1953-08-01,us_10y,2.95,percent per annum,github.com/datasets/bond-yields-us-10y
1953-09-01,us_10y,2.87,percent per annum,github.com/datasets/bond-yields-us-10y
1953-10-01,us_10y,2.66,percent per annum,github.com/datasets/bond-yields-us-10y
1953-11-01,us_10y,2.68,percent per annum,github.com/datasets/bond-yields-us-10y
1953-12-01,us_10y,2.59,percent per annum,github.com/datasets/bond-yields-us-10y
1954-01-01,us_10y,2.48,percent per annum,github.com/datasets/bond-yields-us-10y
1954-02-01,us_10y,2.47,percent per annum,github.com/datasets/bond-yields-us-10y
1954-03-01,us_10y,2.37,percent per annum,github.com/datasets/bond-yields-us-10y
1954-04-01,us_10y,2.29,percent per annum,github.com/datasets/bond-yields-us-10y
1954-05-01,us_10y,2.37,percent per annum,github.com/datasets/bond-yields-us-10y
1954-06-01,us_10y,2.38,percent per annum,github.com/datasets/bond-yields-us-10y
1954-07-01,us_10y,2.3,percent per annum,github.com/datasets/bond-yields-us-10y
1954-08-01,us_10y,2.36,percent per annum,github.com/datasets/bond-yields-us-10y
1954-09-01,us_10y,2.38,percent per annum,github.com/datasets/bond-yields-us-10y
1954-10-01,us_10y,2.43,percent per annum,github.com/datasets/bond-yields-us-10y
1954-11-01,us_10y,2.48,percent per annum,github.com/datasets/bond-yields-us-10y
1954-12-01,us_10y,2.51,percent per annum,github.com/datasets/bond-yields-us-10y
1955-01-01,us_10y,2.61,percent per annum,github.com/datasets/bond-yields-us-10y
1955-02-01,us_10y,2.65,percent per annum,github.com/datasets/bond-yields-us-10y
1955-03-01,us_10y,2.68,percent per annum,github.com/datasets/bond-yields-us-10y
1955-04-01,us_10y,2.75,percent per annum,github.com/datasets/bond-yields-us-10y
1955-05-01,us_10y,2.76,percent per annum,github.com/datasets/bond-yields-us-10y
1955-06-01,us_10y,2.78,percent per annum,github.com/datasets/bond-yields-us-10y
1955-07-01,us_10y,2.9,percent per annum,github.com/datasets/bond-yields-us-10y
1955-08-01,us_10y,2.97,percent per annum,github.com/datasets/bond-yields-us-10y
1955-09-01,us_10y,2.97,percent per annum,github.com/datasets/bond-yields-us-10y
1955-10-01,us_10y,2.88,percent per annum,github.com/datasets/bond-yields-us-10y
1955-11-01,us_10y,2.89,percent per annum,github.com/datasets/bond-yields-us-10y
1955-12-01,us_10y,2.96,percent per annum,github.com/datasets/bond-yields-us-10y
1956-01-01,us_10y,2.9,percent per annum,github.com/datasets/bond-yields-us-10y
1956-02-01,us_10y,2.84,percent per annum,github.com/datasets/bond-yields-us-10y
1956-03-01,us_10y,2.96,percent per annum,github.com/datasets/bond-yields-us-10y
1956-04-01,us_10y,3.18,percent per annum,github.com/datasets/bond-yields-us-10y
1956-05-01,us_10y,3.07,percent per annum,github.com/datasets/bond-yields-us-10y
1956-06-01,us_10y,3.0,percent per annum,github.com/datasets/bond-yields-us-10y
1956-07-01,us_10y,3.11,percent per annum,github.com/datasets/bond-yields-us-10y
1956-08-01,us_10y,3.33,percent per annum,github.com/datasets/bond-yields-us-10y
1956-09-01,us_10y,3.38,percent per annum,github.com/datasets/bond-yields-us-10y
1956-10-01,us_10y,3.34,percent per annum,github.com/datasets/bond-yields-us-10y
1956-11-01,us_10y,3.49,percent per annum,github.com/datasets/bond-yields-us-10y
1956-12-01,us_10y,3.59,percent per annum,github.com/datasets/bond-yields-us-10y
1957-01-01,us_10y,3.46,percent per annum,github.com/datasets/bond-yields-us-10y
1957-02-01,us_10y,3.34,percent per annum,github.com/datasets/bond-yields-us-10y
1957-03-01,us_10y,3.41,percent per annum,github.com/datasets/bond-yields-us-10y
1957-04-01,us_10y,3.48,percent per annum,github.com/datasets/bond-yields-us-10y
1957-05-01,us_10y,3.6,percent per annum,github.com/datasets/bond-yields-us-10y
1957-06-01,us_10y,3.8,percent per annum,github.com/datasets/bond-yields-us-10y
1957-07-01,us_10y,3.93,percent per annum,github.com/datasets/bond-yields-us-10y
1957-08-01,us_10y,3.93,percent per annum,github.com/datasets/bond-yields-us-10y
1957-09-01,us_10y,3.92,percent per annum,github.com/datasets/bond-yields-us-10y
1957-10-01,us_10y,3.97,percent per annum,github.com/datasets/bond-yields-us-10y
1957-11-01,us_10y,3.72,percent per annum,github.com/datasets/bond-yields-us-10y
1957-12-01,us_10y,3.21,percent per annum,github.com/datasets/bond-yields-us-10y
1958-01-01,us_10y,3.09,percent per annum,github.com/datasets/bond-yields-us-10y
1958-02-01,us_10y,3.05,percent per annum,github.com/datasets/bond-yields-us-10y
1958-03-01,us_10y,2.98,percent per annum,github.com/datasets/bond-yields-us-10y
1958-04-01,us_10y,2.88,percent per annum,github.com/datasets/bond-yields-us-10y
1958-05-01,us_10y,2.92,percent per annum,github.com/datasets/bond-yields-us-10y
1958-06-01,us_10y,2.97,percent per annum,github.com/datasets/bond-yields-us-10y
1958-07-01,us_10y,3.2,percent per annum,github.com/datasets/bond-yields-us-10y
1958-08-01,us_10y,3.54,percent per annum,github.com/datasets/bond-yields-us-10y
1958-09-01,us_10y,3.76,percent per annum,github.com/datasets/bond-yields-us-10y
1958-10-01,us_10y,3.8,percent per annum,github.com/datasets/bond-yields-us-10y
1958-11-01,us_10y,3.74,percent per annum,github.com/datasets/bond-yields-us-10y
1958-12-01,us_10y,3.86,percent per annum,github.com/datasets/bond-yields-us-10y
1959-01-01,us_10y,4.02,percent per annum,github.com/datasets/bond-yields-us-10y
1959-02-01,us_10y,3.96,percent per annum,github.com/datasets/bond-yields-us-10y
1959-03-01,us_10y,3.99,percent per annum,github.com/datasets/bond-yields-us-10y
1959-04-01,us_10y,4.12,percent per annum,github.com/datasets/bond-yields-us-10y
1959-05-01,us_10y,4.31,percent per annum,github.com/datasets/bond-yields-us-10y
1959-06-01,us_10y,4.34,percent per annum,github.com/datasets/bond-yields-us-10y
1959-07-01,us_10y,4.4,percent per annum,github.com/datasets/bond-yields-us-10y
1959-08-01,us_10y,4.43,percent per annum,github.com/datasets/bond-yields-us-10y
1959-09-01,us_10y,4.68,percent per annum,github.com/datasets/bond-yields-us-10y
1959-10-01,us_10y,4.53,percent per annum,github.com/datasets/bond-yields-us-10y
1959-11-01,us_10y,4.53,percent per annum,github.com/datasets/bond-yields-us-10y
1959-12-01,us_10y,4.69,percent per annum,github.com/datasets/bond-yields-us-10y
1960-01-01,us_10y,4.72,percent per annum,github.com/datasets/bond-yields-us-10y
1960-02-01,us_10y,4.49,percent per annum,github.com/datasets/bond-yields-us-10y
1960-03-01,us_10y,4.25,percent per annum,github.com/datasets/bond-yields-us-10y
1960-04-01,us_10y,4.28,percent per annum,github.com/datasets/bond-yields-us-10y
1960-05-01,us_10y,4.35,percent per annum,github.com/datasets/bond-yields-us-10y
1960-06-01,us_10y,4.15,percent per annum,github.com/datasets/bond-yields-us-10y
1960-07-01,us_10y,3.9,percent per annum,github.com/datasets/bond-yields-us-10y
1960-08-01,us_10y,3.8,percent per annum,github.com/datasets/bond-yields-us-10y
1960-09-01,us_10y,3.8,percent per annum,github.com/datasets/bond-yields-us-10y
1960-10-01,us_10y,3.89,percent per annum,github.com/datasets/bond-yields-us-10y
1960-11-01,us_10y,3.93,percent per annum,github.com/datasets/bond-yields-us-10y
1960-12-01,us_10y,3.84,percent per annum,github.com/datasets/bond-yields-us-10y
1961-01-01,us_10y,3.84,percent per annum,github.com/datasets/bond-yields-us-10y
1961-02-01,us_10y,3.78,percent per annum,github.com/datasets/bond-yields-us-10y
1961-03-01,us_10y,3.74,percent per annum,github.com/datasets/bond-yields-us-10y
1961-04-01,us_10y,3.78,percent per annum,github.com/datasets/bond-yields-us-10y
1961-05-01,us_10y,3.71,percent per annum,github.com/datasets/bond-yields-us-10y
1961-06-01,us_10y,3.88,percent per annum,github.com/datasets/bond-yields-us-10y
1961-07-01,us_10y,3.92,percent per annum,github.com/datasets/bond-yields-us-10y
1961-08-01,us_10y,4.04,percent per annum,github.com/datasets/bond-yields-us-10y
1961-09-01,us_10y,3.98,percent per annum,github.com/datasets/bond-yields-us-10y
1961-10-01,us_10y,3.92,percent per annum,github.com/datasets/bond-yields-us-10y
1961-11-01,us_10y,3.94,percent per annum,github.com/datasets/bond-yields-us-10y
1961-12-01,us_10y,4.06,percent per annum,github.com/datasets/bond-yields-us-10y
1962-01-01,us_10y,4.08,percent per annum,github.com/datasets/bond-yields-us-10y
1962-02-01,us_10y,4.04,percent per annum,github.com/datasets/bond-yields-us-10y
1962-03-01,us_10y,3.93,percent per annum,github.com/datasets/bond-yields-us-10y
1962-04-01,us_10y,3.84,percent per annum,github.com/datasets/bond-yields-us-10y
1962-05-01,us_10y,3.87,percent per annum,github.com/datasets/bond-yields-us-10y
1962-06-01,us_10y,3.91,percent per annum,github.com/datasets/bond-yields-us-10y
1962-07-01,us_10y,4.01,percent per annum,github.com/datasets/bond-yields-us-10y
1962-08-01,us_10y,3.98,percent per annum,github.com/datasets/bond-yields-us-10y
1962-09-01,us_10y,3.98,percent per annum,github.com/datasets/bond-yields-us-10y
1962-10-01,us_10y,3.93,percent per annum,github.com/datasets/bond-yields-us-10y
1962-11-01,us_10y,3.92,percent per annum,github.com/datasets/bond-yields-us-10y
1962-12-01,us_10y,3.86,percent per annum,github.com/datasets/bond-yields-us-10y
1963-01-01,us_10y,3.83,percent per annum,github.com/datasets/bond-yields-us-10y
1963-02-01,us_10y,3.92,percent per annum,github.com/datasets/bond-yields-us-10y
1963-03-01,us_10y,3.93,percent per annum,github.com/datasets/bond-yields-us-10y
1963-04-01,us_10y,3.97,percent per annum,github.com/datasets/bond-yields-us-10y
1963-05-01,us_10y,3.93,percent per annum,github.com/datasets/bond-yields-us-10y
1963-06-01,us_10y,3.99,percent per annum,github.com/datasets/bond-yields-us-10y
1963-07-01,us_10y,4.02,percent per annum,github.com/datasets/bond-yields-us-10y
1963-08-01,us_10y,4.0,percent per annum,github.com/datasets/bond-yields-us-10y
1963-09-01,us_10y,4.08,percent per annum,github.com/datasets/bond-yields-us-10y
1963-10-01,us_10y,4.11,percent per annum,github.com/datasets/bond-yields-us-10y
1963-11-01,us_10y,4.12,percent per annum,github.com/datasets/bond-yields-us-10y
1963-12-01,us_10y,4.13,percent per annum,github.com/datasets/bond-yields-us-10y
1964-01-01,us_10y,4.17,percent per annum,github.com/datasets/bond-yields-us-10y
1964-02-01,us_10y,4.15,percent per annum,github.com/datasets/bond-yields-us-10y
1964-03-01,us_10y,4.22,percent per annum,github.com/datasets/bond-yields-us-10y
1964-04-01,us_10y,4.23,percent per annum,github.com/datasets/bond-yields-us-10y
1964-05-01,us_10y,4.2,percent per annum,github.com/datasets/bond-yields-us-10y
1964-06-01,us_10y,4.17,percent per annum,github.com/datasets/bond-yields-us-10y
1964-07-01,us_10y,4.19,percent per annum,github.com/datasets/bond-yields-us-10y
1964-08-01,us_10y,4.19,percent per annum,github.com/datasets/bond-yields-us-10y
1964-09-01,us_10y,4.2,percent per annum,github.com/datasets/bond-yields-us-10y
1964-10-01,us_10y,4.19,percent per annum,github.com/datasets/bond-yields-us-10y
1964-11-01,us_10y,4.15,percent per annum,github.com/datasets/bond-yields-us-10y
1964-12-01,us_10y,4.18,percent per annum,github.com/datasets/bond-yields-us-10y
1965-01-01,us_10y,4.19,percent per annum,github.com/datasets/bond-yields-us-10y
1965-02-01,us_10y,4.21,percent per annum,github.com/datasets/bond-yields-us-10y
1965-03-01,us_10y,4.21,percent per annum,github.com/datasets/bond-yields-us-10y
1965-04-01,us_10y,4.2,percent per annum,github.com/datasets/bond-yields-us-10y
1965-05-01,us_10y,4.21,percent per annum,github.com/datasets/bond-yields-us-10y
1965-06-01,us_10y,4.21,percent per annum,github.com/datasets/bond-yields-us-10y
1965-07-01,us_10y,4.2,percent per annum,github.com/datasets/bond-yields-us-10y
1965-08-01,us_10y,4.25,percent per annum,github.com/datasets/bond-yields-us-10y
1965-09-01,us_10y,4.29,percent per annum,github.com/datasets/bond-yields-us-10y
1965-10-01,us_10y,4.35,percent per annum,github.com/datasets/bond-yields-us-10y
1965-11-01,us_10y,4.45,percent per annum,github.com/datasets/bond-yields-us-10y
1965-12-01,us_10y,4.62,percent per annum,github.com/datasets/bond-yields-us-10y
1966-01-01,us_10y,4.61,percent per annum,github.com/datasets/bond-yields-us-10y
1966-02-01,us_10y,4.83,percent per annum,github.com/datasets/bond-yields-us-10y
1966-03-01,us_10y,4.87,percent per annum,github.com/datasets/bond-yields-us-10y
1966-04-01,us_10y,4.75,percent per annum,github.com/datasets/bond-yields-us-10y
1966-05-01,us_10y,4.78,percent per annum,github.com/datasets/bond-yields-us-10y
1966-06-01,us_10y,4.81,percent per annum,github.com/datasets/bond-yields-us-10y
1966-07-01,us_10y,5.02,percent per annum,github.com/datasets/bond-yields-us-10y
1966-08-01,us_10y,5.22,percent per annum,github.com/datasets/bond-yields-us-10y
1966-09-01,us_10y,5.18,percent per annum,github.com/datasets/bond-yields-us-10y
1966-10-01,us_10y,5.01,percent per annum,github.com/datasets/bond-yields-us-10y
1966-11-01,us_10y,5.16,percent per annum,github.com/datasets/bond-yields-us-10y
1966-12-01,us_10y,4.84,percent per annum,github.com/datasets/bond-yields-us-10y
1967-01-01,us_10y,4.58,percent per annum,github.com/datasets/bond-yields-us-10y
1967-02-01,us_10y,4.63,percent per annum,github.com/datasets/bond-yields-us-10y
1967-03-01,us_10y,4.54,percent per annum,github.com/datasets/bond-yields-us-10y
1967-04-01,us_10y,4.59,percent per annum,github.com/datasets/bond-yields-us-10y
1967-05-01,us_10y,4.85,percent per annum,github.com/datasets/bond-yields-us-10y
1967-06-01,us_10y,5.02,percent per annum,github.com/datasets/bond-yields-us-10y
1967-07-01,us_10y,5.16,percent per annum,github.com/datasets/bond-yields-us-10y
1967-08-01,us_10y,5.28,percent per annum,github.com/datasets/bond-yields-us-10y
1967-09-01,us_10y,5.3,percent per annum,github.com/datasets/bond-yields-us-10y
1967-10-01,us_10y,5.48,percent per annum,github.com/datasets/bond-yields-us-10y
1967-11-01,us_10y,5.75,percent per annum,github.com/datasets/bond-yields-us-10y
1967-12-01,us_10y,5.7,percent per annum,github.com/datasets/bond-yields-us-10y
1968-01-01,us_10y,5.53,percent per annum,github.com/datasets/bond-yields-us-10y
1968-02-01,us_10y,5.56,percent per annum,github.com/datasets/bond-yields-us-10y
1968-03-01,us_10y,5.74,percent per annum,github.com/datasets/bond-yields-us-10y
1968-04-01,us_10y,5.64,percent per annum,github.com/datasets/bond-yields-us-10y
1968-05-01,us_10y,5.87,percent per annum,github.com/datasets/bond-yields-us-10y
1968-06-01,us_10y,5.72,percent per annum,github.com/datasets/bond-yields-us-10y
1968-07-01,us_10y,5.5,percent per annum,github.com/datasets/bond-yields-us-10y
1968-08-01,us_10y,5.42,percent per annum,github.com/datasets/bond-yields-us-10y
1968-09-01,us_10y,5.46,percent per annum,github.com/datasets/bond-yields-us-10y
1968-10-01,us_10y,5.58,percent per annum,github.com/datasets/bond-yields-us-10y
1968-11-01,us_10y,5.7,percent per annum,github.com/datasets/bond-yields-us-10y
1968-12-01,us_10y,6.03,percent per annum,github.com/datasets/bond-yields-us-10y
1969-01-01,us_10y,6.04,percent per annum,github.com/datasets/bond-yields-us-10y
1969-02-01,us_10y,6.19,percent per annum,github.com/datasets/bond-yields-us-10y
1969-03-01,us_10y,6.3,percent per annum,github.com/datasets/bond-yields-us-10y
1969-04-01,us_10y,6.17,percent per annum,github.com/datasets/bond-yields-us-10y
1969-05-01,us_10y,6.32,percent per annum,github.com/datasets/bond-yields-us-10y
1969-06-01,us_10y,6.57,percent per annum,github.com/datasets/bond-yields-us-10y
1969-07-01,us_10y,6.72,percent per annum,github.com/datasets/bond-yields-us-10y
1969-08-01,us_10y,6.69,percent per annum,github.com/datasets/bond-yields-us-10y
1969-09-01,us_10y,7.16,percent per annum,github.com/datasets/bond-yields-us-10y
1969-10-01,us_10y,7.1,percent per annum,github.com/datasets/bond-yields-us-10y
1969-11-01,us_10y,7.14,percent per annum,github.com/datasets/bond-yields-us-10y
1969-12-01,us_10y,7.65,percent per annum,github.com/datasets/bond-yields-us-10y
1970-01-01,us_10y,7.79,percent per annum,github.com/datasets/bond-yields-us-10y
1970-02-01,us_10y,7.24,percent per annum,github.com/datasets/bond-yields-us-10y
1970-03-01,us_10y,7.07,percent per annum,github.com/datasets/bond-yields-us-10y
1970-04-01,us_10y,7.39,percent per annum,github.com/datasets/bond-yields-us-10y
1970-05-01,us_10y,7.91,percent per annum,github.com/datasets/bond-yields-us-10y
1970-06-01,us_10y,7.84,percent per annum,github.com/datasets/bond-yields-us-10y
1970-07-01,us_10y,7.46,percent per annum,github.com/datasets/bond-yields-us-10y
1970-08-01,us_10y,7.53,percent per annum,github.com/datasets/bond-yields-us-10y
1970-09-01,us_10y,7.39,percent per annum,github.com/datasets/bond-yields-us-10y
1970-10-01,us_10y,7.33,percent per annum,github.com/datasets/bond-yields-us-10y
1970-11-01,us_10y,6.84,percent per annum,github.com/datasets/bond-yields-us-10y
1970-12-01,us_10y,6.39,percent per annum,github.com/datasets/bond-yields-us-10y
1971-01-01,us_10y,6.24,percent per annum,github.com/datasets/bond-yields-us-10y
1971-02-01,us_10y,6.11,percent per annum,github.com/datasets/bond-yields-us-10y
1971-03-01,us_10y,5.7,percent per annum,github.com/datasets/bond-yields-us-10y
1971-04-01,us_10y,5.83,percent per annum,github.com/datasets/bond-yields-us-10y
1971-05-01,us_10y,6.39,percent per annum,github.com/datasets/bond-yields-us-10y
1971-06-01,us_10y,6.52,percent per annum,github.com/datasets/bond-yields-us-10y
1971-07-01,us_10y,6.73,percent per annum,github.com/datasets/bond-yields-us-10y
1971-08-01,us_10y,6.58,percent per annum,github.com/datasets/bond-yields-us-10y
1971-09-01,us_10y,6.14,percent per annum,github.com/datasets/bond-yields-us-10y
1971-10-01,us_10y,5.93,percent per annum,github.com/datasets/bond-yields-us-10y
1971-11-01,us_10y,5.81,percent per annum,github.com/datasets/bond-yields-us-10y
1971-12-01,us_10y,5.93,percent per annum,github.com/datasets/bond-yields-us-10y
1972-01-01,us_10y,5.95,percent per annum,github.com/datasets/bond-yields-us-10y
1972-02-01,us_10y,6.08,percent per annum,github.com/datasets/bond-yields-us-10y
1972-03-01,us_10y,6.07,percent per annum,github.com/datasets/bond-yields-us-10y
1972-04-01,us_10y,6.19,percent per annum,github.com/datasets/bond-yields-us-10y
1972-05-01,us_10y,6.13,percent per annum,github.com/datasets/bond-yields-us-10y
1972-06-01,us_10y,6.11,percent per annum,github.com/datasets/bond-yields-us-10y
1972-07-01,us_10y,6.11,percent per annum,github.com/datasets/bond-yields-us-10y
1972-08-01,us_10y,6.21,percent per annum,github.com/datasets/bond-yields-us-10y
1972-09-01,us_10y,6.55,percent per annum,github.com/datasets/bond-yields-us-10y
1972-10-01,us_10y,6.48,percent per annum,github.com/datasets/bond-yields-us-10y
1972-11-01,us_10y,6.28,percent per annum,github.com/datasets/bond-yields-us-10y
1972-12-01,us_10y,6.36,percent per annum,github.com/datasets/bond-yields-us-10y
1973-01-01,us_10y,6.46,percent per annum,github.com/datasets/bond-yields-us-10y
1973-02-01,us_10y,6.64,percent per annum,github.com/datasets/bond-yields-us-10y
1973-03-01,us_10y,6.71,percent per annum,github.com/datasets/bond-yields-us-10y
1973-04-01,us_10y,6.67,percent per annum,github.com/datasets/bond-yields-us-10y
1973-05-01,us_10y,6.85,percent per annum,github.com/datasets/bond-yields-us-10y
1973-06-01,us_10y,6.9,percent per annum,github.com/datasets/bond-yields-us-10y
1973-07-01,us_10y,7.13,percent per annum,github.com/datasets/bond-yields-us-10y
1973-08-01,us_10y,7.4,percent per annum,github.com/datasets/bond-yields-us-10y
1973-09-01,us_10y,7.09,percent per annum,github.com/datasets/bond-yields-us-10y
1973-10-01,us_10y,6.79,percent per annum,github.com/datasets/bond-yields-us-10y
1973-11-01,us_10y,6.73,percent per annum,github.com/datasets/bond-yields-us-10y
1973-12-01,us_10y,6.74,percent per annum,github.com/datasets/bond-yields-us-10y
1974-01-01,us_10y,6.99,percent per annum,github.com/datasets/bond-yields-us-10y
1974-02-01,us_10y,6.96,percent per annum,github.com/datasets/bond-yields-us-10y
1974-03-01,us_10y,7.21,percent per annum,github.com/datasets/bond-yields-us-10y
1974-04-01,us_10y,7.51,percent per annum,github.com/datasets/bond-yields-us-10y
1974-05-01,us_10y,7.58,percent per annum,github.com/datasets/bond-yields-us-10y
1974-06-01,us_10y,7.54,percent per annum,github.com/datasets/bond-yields-us-10y
1974-07-01,us_10y,7.81,percent per annum,github.com/datasets/bond-yields-us-10y
1974-08-01,us_10y,8.04,percent per annum,github.com/datasets/bond-yields-us-10y
1974-09-01,us_10y,8.04,percent per annum,github.com/datasets/bond-yields-us-10y
1974-10-01,us_10y,7.9,percent per annum,github.com/datasets/bond-yields-us-10y
1974-11-01,us_10y,7.68,percent per annum,github.com/datasets/bond-yields-us-10y
1974-12-01,us_10y,7.43,percent per annum,github.com/datasets/bond-yields-us-10y
1975-01-01,us_10y,7.5,percent per annum,github.com/datasets/bond-yields-us-10y
1975-02-01,us_10y,7.39,percent per annum,github.com/datasets/bond-yields-us-10y
1975-03-01,us_10y,7.73,percent per annum,github.com/datasets/bond-yields-us-10y
1975-04-01,us_10y,8.23,percent per annum,github.com/datasets/bond-yields-us-10y
1975-05-01,us_10y,8.06,percent per annum,github.com/datasets/bond-yields-us-10y
1975-06-01,us_10y,7.86,percent per annum,github.com/datasets/bond-yields-us-10y
1975-07-01,us_10y,8.06,percent per annum,github.com/datasets/bond-yields-us-10y
1975-08-01,us_10y,8.4,percent per annum,github.com/datasets/bond-yields-us-10y
1975-09-01,us_10y,8.43,percent per annum,github.com/datasets/bond-yields-us-10y
1975-10-01,us_10y,8.14,percent per annum,github.com/datasets/bond-yields-us-10y
1975-11-01,us_10y,8.05,percent per annum,github.com/datasets/bond-yields-us-10y
1975-12-01,us_10y,8.0,percent per annum,github.com/datasets/bond-yields-us-10y
1976-01-01,us_10y,7.74,percent per annum,github.com/datasets/bond-yields-us-10y
1976-02-01,us_10y,7.79,percent per annum,github.com/datasets/bond-yields-us-10y
1976-03-01,us_10y,7.73,percent per annum,github.com/datasets/bond-yields-us-10y
1976-04-01,us_10y,7.56,percent per annum,github.com/datasets/bond-yields-us-10y
1976-05-01,us_10y,7.9,percent per annum,github.com/datasets/bond-yields-us-10y
1976-06-01,us_10y,7.86,percent per annum,github.com/datasets/bond-yields-us-10y
1976-07-01,us_10y,7.83,percent per annum,github.com/datasets/bond-yields-us-10y
1976-08-01,us_10y,7.77,percent per annum,github.com/datasets/bond-yields-us-10y
1976-09-01,us_10y,7.59,percent per annum,github.com/datasets/bond-yields-us-10y
1976-10-01,us_10y,7.41,percent per annum,github.com/datasets/bond-yields-us-10y
1976-11-01,us_10y,7.29,percent per annum,github.com/datasets/bond-yields-us-10y
1976-12-01,us_10y,6.87,percent per annum,github.com/datasets/bond-yields-us-10y
1977-01-01,us_10y,7.21,percent per annum,github.com/datasets/bond-yields-us-10y
1977-02-01,us_10y,7.39,percent per annum,github.com/datasets/bond-yields-us-10y
1977-03-01,us_10y,7.46,percent per annum,github.com/datasets/bond-yields-us-10y
1977-04-01,us_10y,7.37,percent per annum,github.com/datasets/bond-yields-us-10y
1977-05-01,us_10y,7.46,percent per annum,github.com/datasets/bond-yields-us-10y
1977-06-01,us_10y,7.28,percent per annum,github.com/datasets/bond-yields-us-10y
1977-07-01,us_10y,7.33,percent per annum,github.com/datasets/bond-yields-us-10y
1977-08-01,us_10y,7.4,percent per annum,github.com/datasets/bond-yields-us-10y
1977-09-01,us_10y,7.34,percent per annum,github.com/datasets/bond-yields-us-10y
1977-10-01,us_10y,7.52,percent per annum,github.com/datasets/bond-yields-us-10y
1977-11-01,us_10y,7.58,percent per annum,github.com/datasets/bond-yields-us-10y
1977-12-01,us_10y,7.69,percent per annum,github.com/datasets/bond-yields-us-10y
1978-01-01,us_10y,7.96,percent per annum,github.com/datasets/bond-yields-us-10y
1978-02-01,us_10y,8.03,percent per annum,github.com/datasets/bond-yields-us-10y
1978-03-01,us_10y,8.04,percent per annum,github.com/datasets/bond-yields-us-10y
1978-04-01,us_10y,8.15,percent per annum,github.com/datasets/bond-yields-us-10y
1978-05-01,us_10y,8.35,percent per annum,github.com/datasets/bond-yields-us-10y
1978-06-01,us_10y,8.46,percent per annum,github.com/datasets/bond-yields-us-10y
1978-07-01,us_10y,8.64,percent per annum,github.com/datasets/bond-yields-us-10y
1978-08-01,us_10y,8.41,percent per annum,github.com/datasets/bond-yields-us-10y
1978-09-01,us_10y,8.42,percent per annum,github.com/datasets/bond-yields-us-10y
1978-10-01,us_10y,8.64,percent per annum,github.com/datasets/bond-yields-us-10y
1978-11-01,us_10y,8.81,percent per annum,github.com/datasets/bond-yields-us-10y
1978-12-01,us_10y,9.01,percent per annum,github.com/datasets/bond-yields-us-10y
1979-01-01,us_10y,9.1,percent per annum,github.com/datasets/bond-yields-us-10y
1979-02-01,us_10y,9.1,percent per annum,github.com/datasets/bond-yields-us-10y
1979-03-01,us_10y,9.12,percent per annum,github.com/datasets/bond-yields-us-10y
1979-04-01,us_10y,9.18,percent per annum,github.com/datasets/bond-yields-us-10y
1979-05-01,us_10y,9.25,percent per annum,github.com/datasets/bond-yields-us-10y
1979-06-01,us_10y,8.91,percent per annum,github.com/datasets/bond-yields-us-10y
1979-07-01,us_10y,8.95,percent per annum,github.com/datasets/bond-yields-us-10y
1979-08-01,us_10y,9.03,percent per annum,github.com/datasets/bond-yields-us-10y
1979-09-01,us_10y,9.33,percent per annum,github.com/datasets/bond-yields-us-10y
1979-10-01,us_10y,10.3,percent per annum,github.com/datasets/bond-yields-us-10y
1979-11-01,us_10y,10.65,percent per annum,github.com/datasets/bond-yields-us-10y
1979-12-01,us_10y,10.39,percent per annum,github.com/datasets/bond-yields-us-10y
1980-01-01,us_10y,10.8,percent per annum,github.com/datasets/bond-yields-us-10y
1980-02-01,us_10y,12.41,percent per annum,github.com/datasets/bond-yields-us-10y
1980-03-01,us_10y,12.75,percent per annum,github.com/datasets/bond-yields-us-10y
1980-04-01,us_10y,11.47,percent per annum,github.com/datasets/bond-yields-us-10y
1980-05-01,us_10y,10.18,percent per annum,github.com/datasets/bond-yields-us-10y
1980-06-01,us_10y,9.78,percent per annum,github.com/datasets/bond-yields-us-10y
1980-07-01,us_10y,10.25,percent per annum,github.com/datasets/bond-yields-us-10y
1980-08-01,us_10y,11.1,percent per annum,github.com/datasets/bond-yields-us-10y
1980-09-01,us_10y,11.51,percent per annum,github.com/datasets/bond-yields-us-10y
1980-10-01,us_10y,11.75,percent per annum,github.com/datasets/bond-yields-us-10y
1980-11-01,us_10y,12.68,percent per annum,github.com/datasets/bond-yields-us-10y
1980-12-01,us_10y,12.84,percent per annum,github.com/datasets/bond-yields-us-10y
1981-01-01,us_10y,12.57,percent per annum,github.com/datasets/bond-yields-us-10y
1981-02-01,us_10y,13.19,percent per annum,github.com/datasets/bond-yields-us-10y
1981-03-01,us_10y,13.12,percent per annum,github.com/datasets/bond-yields-us-10y
1981-04-01,us_10y,13.68,percent per annum,github.com/datasets/bond-yields-us-10y
1981-05-01,us_10y,14.1,percent per annum,github.com/datasets/bond-yields-us-10y
1981-06-01,us_10y,13.47,percent per annum,github.com/datasets/bond-yields-us-10y
1981-07-01,us_10y,14.28,percent per annum,github.com/datasets/bond-yields-us-10y
1981-08-01,us_10y,14.94,percent per annum,github.com/datasets/bond-yields-us-10y
1981-09-01,us_10y,15.32,percent per annum,github.com/datasets/bond-yields-us-10y
1981-10-01,us_10y,15.15,percent per annum,github.com/datasets/bond-yields-us-10y
1981-11-01,us_10y,13.39,percent per annum,github.com/datasets/bond-yields-us-10y
1981-12-01,us_10y,13.72,percent per annum,github.com/datasets/bond-yields-us-10y
1982-01-01,us_10y,14.59,percent per annum,github.com/datasets/bond-yields-us-10y
1982-02-01,us_10y,14.43,percent per annum,github.com/datasets/bond-yields-us-10y
1982-03-01,us_10y,13.86,percent per annum,github.com/datasets/bond-yields-us-10y
1982-04-01,us_10y,13.87,percent per annum,github.com/datasets/bond-yields-us-10y
1982-05-01,us_10y,13.62,percent per annum,github.com/datasets/bond-yields-us-10y
1982-06-01,us_10y,14.3,percent per annum,github.com/datasets/bond-yields-us-10y
1982-07-01,us_10y,13.95,percent per annum,github.com/datasets/bond-yields-us-10y
1982-08-01,us_10y,13.06,percent per annum,github.com/datasets/bond-yields-us-10y
1982-09-01,us_10y,12.34,percent per annum,github.com/datasets/bond-yields-us-10y
1982-10-01,us_10y,10.91,percent per annum,github.com/datasets/bond-yields-us-10y
1982-11-01,us_10y,10.55,percent per annum,github.com/datasets/bond-yields-us-10y
1982-12-01,us_10y,10.54,percent per annum,github.com/datasets/bond-yields-us-10y
1983-01-01,us_10y,10.46,percent per annum,github.com/datasets/bond-yields-us-10y
1983-02-01,us_10y,10.72,percent per annum,github.com/datasets/bond-yields-us-10y
1983-03-01,us_10y,10.51,percent per annum,github.com/datasets/bond-yields-us-10y
1983-04-01,us_10y,10.4,percent per annum,github.com/datasets/bond-yields-us-10y
1983-05-01,us_10y,10.38,percent per annum,github.com/datasets/bond-yields-us-10y
1983-06-01,us_10y,10.85,percent per annum,github.com/datasets/bond-yields-us-10y
1983-07-01,us_10y,11.38,percent per annum,github.com/datasets/bond-yields-us-10y
1983-08-01,us_10y,11.85,percent per annum,github.com/datasets/bond-yields-us-10y
1983-09-01,us_10y,11.65,percent per annum,github.com/datasets/bond-yields-us-10y
1983-10-01,us_10y,11.54,percent per annum,github.com/datasets/bond-yields-us-10y
1983-11-01,us_10y,11.69,percent per annum,github.com/datasets/bond-yields-us-10y
1983-12-01,us_10y,11.83,percent per annum,github.com/datasets/bond-yields-us-10y
1984-01-01,us_10y,11.67,percent per annum,github.com/datasets/bond-yields-us-10y
1984-02-01,us_10y,11.84,percent per annum,github.com/datasets/bond-yields-us-10y
1984-03-01,us_10y,12.32,percent per annum,github.com/datasets/bond-yields-us-10y
1984-04-01,us_10y,12.63,percent per annum,github.com/datasets/bond-yields-us-10y
1984-05-01,us_10y,13.41,percent per annum,github.com/datasets/bond-yields-us-10y
1984-06-01,us_10y,13.56,percent per annum,github.com/datasets/bond-yields-us-10y
1984-07-01,us_10y,13.36,percent per annum,github.com/datasets/bond-yields-us-10y
1984-08-01,us_10y,12.72,percent per annum,github.com/datasets/bond-yields-us-10y
1984-09-01,us_10y,12.52,percent per annum,github.com/datasets/bond-yields-us-10y
1984-10-01,us_10y,12.16,percent per annum,github.com/datasets/bond-yields-us-10y
1984-11-01,us_10y,11.57,percent per annum,github.com/datasets/bond-yields-us-10y
1984-12-01,us_10y,11.5,percent per annum,github.com/datasets/bond-yields-us-10y
1985-01-01,us_10y,11.38,percent per annum,github.com/datasets/bond-yields-us-10y
1985-02-01,us_10y,11.51,percent per annum,github.com/datasets/bond-yields-us-10y
1985-03-01,us_10y,11.86,percent per annum,github.com/datasets/bond-yields-us-10y
1985-04-01,us_10y,11.43,percent per annum,github.com/datasets/bond-yields-us-10y
1985-05-01,us_10y,10.85,percent per annum,github.com/datasets/bond-yields-us-10y
1985-06-01,us_10y,10.16,percent per annum,github.com/datasets/bond-yields-us-10y
1985-07-01,us_10y,10.31,percent per annum,github.com/datasets/bond-yields-us-10y
1985-08-01,us_10y,10.33,percent per annum,github.com/datasets/bond-yields-us-10y
1985-09-01,us_10y,10.37,percent per annum,github.com/datasets/bond-yields-us-10y
1985-10-01,us_10y,10.24,percent per annum,github.com/datasets/bond-yields-us-10y
1985-11-01,us_10y,9.78,percent per annum,github.com/datasets/bond-yields-us-10y
1985-12-01,us_10y,9.26,percent per annum,github.com/datasets/bond-yields-us-10y
1986-01-01,us_10y,9.19,percent per annum,github.com/datasets/bond-yields-us-10y
1986-02-01,us_10y,8.7,percent per annum,github.com/datasets/bond-yields-us-10y
1986-03-01,us_10y,7.78,percent per annum,github.com/datasets/bond-yields-us-10y
1986-04-01,us_10y,7.3,percent per annum,github.com/datasets/bond-yields-us-10y
1986-05-01,us_10y,7.71,percent per annum,github.com/datasets/bond-yields-us-10y
1986-06-01,us_10y,7.8,percent per annum,github.com/datasets/bond-yields-us-10y
1986-07-01,us_10y,7.3,percent per annum,github.com/datasets/bond-yields-us-10y
1986-08-01,us_10y,7.17,percent per annum,github.com/datasets/bond-yields-us-10y
1986-09-01,us_10y,7.45,percent per annum,github.com/datasets/bond-yields-us-10y
1986-10-01,us_10y,7.43,percent per annum,github.com/datasets/bond-yields-us-10y
1986-11-01,us_10y,7.25,percent per annum,github.com/datasets/bond-yields-us-10y
1986-12-01,us_10y,7.11,percent per annum,github.com/datasets/bond-yields-us-10y
1987-01-01,us_10y,7.08,percent per annum,github.com/datasets/bond-yields-us-10y
1987-02-01,us_10y,7.25,percent per annum,github.com/datasets/bond-yields-us-10y
1987-03-01,us_10y,7.25,percent per annum,github.com/datasets/bond-yields-us-10y
1987-04-01,us_10y,8.02,percent per annum,github.com/datasets/bond-yields-us-10y
1987-05-01,us_10y,8.61,percent per annum,github.com/datasets/bond-yields-us-10y
1987-06-01,us_10y,8.4,percent per annum,github.com/datasets/bond-yields-us-10y
1987-07-01,us_10y,8.45,percent per annum,github.com/datasets/bond-yields-us-10y
1987-08-01,us_10y,8.76,percent per annum,github.com/datasets/bond-yields-us-10y
1987-09-01,us_10y,9.42,percent per annum,github.com/datasets/bond-yields-us-10y
1987-10-01,us_10y,9.52,percent per annum,github.com/datasets/bond-yields-us-10y
1987-11-01,us_10y,8.86,percent per annum,github.com/datasets/bond-yields-us-10y
1987-12-01,us_10y,8.99,percent per annum,github.com/datasets/bond-yields-us-10y
1988-01-01,us_10y,8.67,percent per annum,github.com/datasets/bond-yields-us-10y
1988-02-01,us_10y,8.21,percent per annum,github.com/datasets/bond-yields-us-10y
1988-03-01,us_10y,8.37,percent per annum,github.com/datasets/bond-yields-us-10y
1988-04-01,us_10y,8.72,percent per annum,github.com/datasets/bond-yields-us-10y
1988-05-01,us_10y,9.09,percent per annum,github.com/datasets/bond-yields-us-10y
1988-06-01,us_10y,8.92,percent per annum,github.com/datasets/bond-yields-us-10y
1988-07-01,us_10y,9.06,percent per annum,github.com/datasets/bond-yields-us-10y
1988-08-01,us_10y,9.26,percent per annum,github.com/datasets/bond-yields-us-10y
1988-09-01,us_10y,8.98,percent per annum,github.com/datasets/bond-yields-us-10y
1988-10-01,us_10y,8.8,percent per annum,github.com/datasets/bond-yields-us-10y
1988-11-01,us_10y,8.96,percent per annum,github.com/datasets/bond-yields-us-10y
1988-12-01,us_10y,9.11,percent per annum,github.com/datasets/bond-yields-us-10y
1989-01-01,us_10y,9.09,percent per annum,github.com/datasets/bond-yields-us-10y
1989-02-01,us_10y,9.17,percent per annum,github.com/datasets/bond-yields-us-10y
1989-03-01,us_10y,9.36,percent per annum,github.com/datasets/bond-yields-us-10y
1989-04-01,us_10y,9.18,percent per annum,github.com/datasets/bond-yields-us-10y
1989-05-01,us_10y,8.86,percent per annum,github.com/datasets/bond-yields-us-10y
1989-06-01,us_10y,8.28,percent per annum,github.com/datasets/bond-yields-us-10y
1989-07-01,us_10y,8.02,percent per annum,github.com/datasets/bond-yields-us-10y
1989-08-01,us_10y,8.11,percent per annum,github.com/datasets/bond-yields-us-10y
1989-09-01,us_10y,8.19,percent per annum,github.com/datasets/bond-yields-us-10y
1989-10-01,us_10y,8.01,percent per annum,github.com/datasets/bond-yields-us-10y
1989-11-01,us_10y,7.87,percent per annum,github.com/datasets/bond-yields-us-10y
1989-12-01,us_10y,7.84,percent per annum,github.com/datasets/bond-yields-us-10y
1990-01-01,us_10y,8.21,percent per annum,github.com/datasets/bond-yields-us-10y
1990-02-01,us_10y,8.47,percent per annum,github.com/datasets/bond-yields-us-10y
1990-03-01,us_10y,8.59,percent per annum,github.com/datasets/bond-yields-us-10y
1990-04-01,us_10y,8.79,percent per annum,github.com/datasets/bond-yields-us-10y
1990-05-01,us_10y,8.76,percent per annum,github.com/datasets/bond-yields-us-10y
1990-06-01,us_10y,8.48,percent per annum,github.com/datasets/bond-yields-us-10y
1990-07-01,us_10y,8.47,percent per annum,github.com/datasets/bond-yields-us-10y
1990-08-01,us_10y,8.75,percent per annum,github.com/datasets/bond-yields-us-10y
1990-09-01,us_10y,8.89,percent per annum,github.com/datasets/bond-yields-us-10y
1990-10-01,us_10y,8.72,percent per annum,github.com/datasets/bond-yields-us-10y
1990-11-01,us_10y,8.39,percent per annum,github.com/datasets/bond-yields-us-10y
1990-12-01,us_10y,8.08,percent per annum,github.com/datasets/bond-yields-us-10y
1991-01-01,us_10y,8.09,percent per annum,github.com/datasets/bond-yields-us-10y
1991-02-01,us_10y,7.85,percent per annum,github.com/datasets/bond-yields-us-10y
1991-03-01,us_10y,8.11,percent per annum,github.com/datasets/bond-yields-us-10y
1991-04-01,us_10y,8.04,percent per annum,github.com/datasets/bond-yields-us-10y
1991-05-01,us_10y,8.07,percent per annum,github.com/datasets/bond-yields-us-10y
1991-06-01,us_10y,8.28,percent per annum,github.com/datasets/bond-yields-us-10y
1991-07-01,us_10y,8.27,percent per annum,github.com/datasets/bond-yields-us-10y
1991-08-01,us_10y,7.9,percent per annum,github.com/datasets/bond-yields-us-10y
1991-09-01,us_10y,7.65,percent per annum,github.com/datasets/bond-yields-us-10y
1991-10-01,us_10y,7.53,percent per annum,github.com/datasets/bond-yields-us-10y
1991-11-01,us_10y,7.42,percent per annum,github.com/datasets/bond-yields-us-10y
1991-12-01,us_10y,7.09,percent per annum,github.com/datasets/bond-yields-us-10y
1992-01-01,us_10y,7.03,percent per annum,github.com/datasets/bond-yields-us-10y
1992-02-01,us_10y,7.34,percent per annum,github.com/datasets/bond-yields-us-10y
1992-03-01,us_10y,7.54,percent per annum,github.com/datasets/bond-yields-us-10y
1992-04-01,us_10y,7.48,percent per annum,github.com/datasets/bond-yields-us-10y
1992-05-01,us_10y,7.39,percent per annum,github.com/datasets/bond-yields-us-10y
1992-06-01,us_10y,7.26,percent per annum,github.com/datasets/bond-yields-us-10y
1992-07-01,us_10y,6.84,percent per annum,github.com/datasets/bond-yields-us-10y
1992-08-01,us_10y,6.59,percent per annum,github.com/datasets/bond-yields-us-10y
1992-09-01,us_10y,6.42,percent per annum,github.com/datasets/bond-yields-us-10y
1992-10-01,us_10y,6.59,percent per annum,github.com/datasets/bond-yields-us-10y
1992-11-01,us_10y,6.87,percent per annum,github.com/datasets/bond-yields-us-10y
1992-12-01,us_10y,6.77,percent per annum,github.com/datasets/bond-yields-us-10y
1993-01-01,us_10y,6.6,percent per annum,github.com/datasets/bond-yields-us-10y
1993-02-01,us_10y,6.26,percent per annum,github.com/datasets/bond-yields-us-10y
1993-03-01,us_10y,5.98,percent per annum,github.com/datasets/bond-yields-us-10y
1993-04-01,us_10y,5.97,percent per annum,github.com/datasets/bond-yields-us-10y
1993-05-01,us_10y,6.04,percent per annum,github.com/datasets/bond-yields-us-10y
1993-06-01,us_10y,5.96,percent per annum,github.com/datasets/bond-yields-us-10y
1993-07-01,us_10y,5.81,percent per annum,github.com/datasets/bond-yields-us-10y
1993-08-01,us_10y,5.68,percent per annum,github.com/datasets/bond-yields-us-10y
1993-09-01,us_10y,5.36,percent per annum,github.com/datasets/bond-yields-us-10y
1993-10-01,us_10y,5.33,percent per annum,github.com/datasets/bond-yields-us-10y
1993-11-01,us_10y,5.72,percent per annum,github.com/datasets/bond-yields-us-10y
1993-12-01,us_10y,5.77,percent per annum,github.com/datasets/bond-yields-us-10y
1994-01-01,us_10y,5.75,percent per annum,github.com/datasets/bond-yields-us-10y
1994-02-01,us_10y,5.97,percent per annum,github.com/datasets/bond-yields-us-10y
1994-03-01,us_10y,6.48,percent per annum,github.com/datasets/bond-yields-us-10y
1994-04-01,us_10y,6.97,percent per annum,github.com/datasets/bond-yields-us-10y
1994-05-01,us_10y,7.18,percent per annum,github.com/datasets/bond-yields-us-10y
1994-06-01,us_10y,7.1,percent per annum,github.com/datasets/bond-yields-us-10y
1994-07-01,us_10y,7.3,percent per annum,github.com/datasets/bond-yields-us-10y
1994-08-01,us_10y,7.24,percent per annum,github.com/datasets/bond-yields-us-10y
1994-09-01,us_10y,7.46,percent per annum,github.com/datasets/bond-yields-us-10y
1994-10-01,us_10y,7.74,percent per annum,github.com/datasets/bond-yields-us-10y
1994-11-01,us_10y,7.96,percent per annum,github.com/datasets/bond-yields-us-10y
1994-12-01,us_10y,7.81,percent per annum,github.com/datasets/bond-yields-us-10y
1995-01-01,us_10y,7.78,percent per annum,github.com/datasets/bond-yields-us-10y
1995-02-01,us_10y,7.47,percent per annum,github.com/datasets/bond-yields-us-10y
1995-03-01,us_10y,7.2,percent per annum,github.com/datasets/bond-yields-us-10y
1995-04-01,us_10y,7.06,percent per annum,github.com/datasets/bond-yields-us-10y
1995-05-01,us_10y,6.63,percent per annum,github.com/datasets/bond-yields-us-10y
1995-06-01,us_10y,6.17,percent per annum,github.com/datasets/bond-yields-us-10y
1995-07-01,us_10y,6.28,percent per annum,github.com/datasets/bond-yields-us-10y
1995-08-01,us_10y,6.49,percent per annum,github.com/datasets/bond-yields-us-10y
1995-09-01,us_10y,6.2,percent per annum,github.com/datasets/bond-yields-us-10y
1995-10-01,us_10y,6.04,percent per annum,github.com/datasets/bond-yields-us-10y
1995-11-01,us_10y,5.93,percent per annum,github.com/datasets/bond-yields-us-10y
1995-12-01,us_10y,5.71,percent per annum,github.com/datasets/bond-yields-us-10y
1996-01-01,us_10y,5.65,percent per annum,github.com/datasets/bond-yields-us-10y
1996-02-01,us_10y,5.81,percent per annum,github.com/datasets/bond-yields-us-10y
1996-03-01,us_10y,6.27,percent per annum,github.com/datasets/bond-yields-us-10y
1996-04-01,us_10y,6.51,percent per annum,github.com/datasets/bond-yields-us-10y
1996-05-01,us_10y,6.74,percent per annum,github.com/datasets/bond-yields-us-10y
1996-06-01,us_10y,6.91,percent per annum,github.com/datasets/bond-yields-us-10y
1996-07-01,us_10y,6.87,percent per annum,github.com/datasets/bond-yields-us-10y
1996-08-01,us_10y,6.64,percent per annum,github.com/datasets/bond-yields-us-10y
1996-09-01,us_10y,6.83,percent per annum,github.com/datasets/bond-yields-us-10y
1996-10-01,us_10y,6.53,percent per annum,github.com/datasets/bond-yields-us-10y
1996-11-01,us_10y,6.2,percent per annum,github.com/datasets/bond-yields-us-10y
1996-12-01,us_10y,6.3,percent per annum,github.com/datasets/bond-yields-us-10y
1997-01-01,us_10y,6.58,percent per annum,github.com/datasets/bond-yields-us-10y
1997-02-01,us_10y,6.42,percent per annum,github.com/datasets/bond-yields-us-10y
1997-03-01,us_10y,6.69,percent per annum,github.com/datasets/bond-yields-us-10y
1997-04-01,us_10y,6.89,percent per annum,github.com/datasets/bond-yields-us-10y
1997-05-01,us_10y,6.71,percent per annum,github.com/datasets/bond-yields-us-10y
1997-06-01,us_10y,6.49,percent per annum,github.com/datasets/bond-yields-us-10y
1997-07-01,us_10y,6.22,percent per annum,github.com/datasets/bond-yields-us-10y
1997-08-01,us_10y,6.3,percent per annum,github.com/datasets/bond-yields-us-10y
1997-09-01,us_10y,6.21,percent per annum,github.com/datasets/bond-yields-us-10y
1997-10-01,us_10y,6.03,percent per annum,github.com/datasets/bond-yields-us-10y
1997-11-01,us_10y,5.88,percent per annum,github.com/datasets/bond-yields-us-10y
1997-12-01,us_10y,5.81,percent per annum,github.com/datasets/bond-yields-us-10y
1998-01-01,us_10y,5.54,percent per annum,github.com/datasets/bond-yields-us-10y
1998-02-01,us_10y,5.57,percent per annum,github.com/datasets/bond-yields-us-10y
1998-03-01,us_10y,5.65,percent per annum,github.com/datasets/bond-yields-us-10y
1998-04-01,us_10y,5.64,percent per annum,github.com/datasets/bond-yields-us-10y
1998-05-01,us_10y,5.65,percent per annum,github.com/datasets/bond-yields-us-10y
1998-06-01,us_10y,5.5,percent per annum,github.com/datasets/bond-yields-us-10y
1998-07-01,us_10y,5.46,percent per annum,github.com/datasets/bond-yields-us-10y
1998-08-01,us_10y,5.34,percent per annum,github.com/datasets/bond-yields-us-10y
1998-09-01,us_10y,4.81,percent per annum,github.com/datasets/bond-yields-us-10y
1998-10-01,us_10y,4.53,percent per annum,github.com/datasets/bond-yields-us-10y
1998-11-01,us_10y,4.83,percent per annum,github.com/datasets/bond-yields-us-10y
1998-12-01,us_10y,4.65,percent per annum,github.com/datasets/bond-yields-us-10y
1999-01-01,us_10y,4.72,percent per annum,github.com/datasets/bond-yields-us-10y
1999-02-01,us_10y,5.0,percent per annum,github.com/datasets/bond-yields-us-10y
1999-03-01,us_10y,5.23,percent per annum,github.com/datasets/bond-yields-us-10y
1999-04-01,us_10y,5.18,percent per annum,github.com/datasets/bond-yields-us-10y
1999-05-01,us_10y,5.54,percent per annum,github.com/datasets/bond-yields-us-10y
1999-06-01,us_10y,5.9,percent per annum,github.com/datasets/bond-yields-us-10y
1999-07-01,us_10y,5.79,percent per annum,github.com/datasets/bond-yields-us-10y
1999-08-01,us_10y,5.94,percent per annum,github.com/datasets/bond-yields-us-10y
1999-09-01,us_10y,5.92,percent per annum,github.com/datasets/bond-yields-us-10y
1999-10-01,us_10y,6.11,percent per annum,github.com/datasets/bond-yields-us-10y
1999-11-01,us_10y,6.03,percent per annum,github.com/datasets/bond-yields-us-10y
1999-12-01,us_10y,6.28,percent per annum,github.com/datasets/bond-yields-us-10y
2000-01-01,us_10y,6.66,percent per annum,github.com/datasets/bond-yields-us-10y
2000-02-01,us_10y,6.52,percent per annum,github.com/datasets/bond-yields-us-10y
2000-03-01,us_10y,6.26,percent per annum,github.com/datasets/bond-yields-us-10y
2000-04-01,us_10y,5.99,percent per annum,github.com/datasets/bond-yields-us-10y
2000-05-01,us_10y,6.44,percent per annum,github.com/datasets/bond-yields-us-10y
2000-06-01,us_10y,6.1,percent per annum,github.com/datasets/bond-yields-us-10y
2000-07-01,us_10y,6.05,percent per annum,github.com/datasets/bond-yields-us-10y
2000-08-01,us_10y,5.83,percent per annum,github.com/datasets/bond-yields-us-10y
2000-09-01,us_10y,5.8,percent per annum,github.com/datasets/bond-yields-us-10y
2000-10-01,us_10y,5.74,percent per annum,github.com/datasets/bond-yields-us-10y
2000-11-01,us_10y,5.72,percent per annum,github.com/datasets/bond-yields-us-10y
2000-12-01,us_10y,5.24,percent per annum,github.com/datasets/bond-yields-us-10y
2001-01-01,us_10y,5.16,percent per annum,github.com/datasets/bond-yields-us-10y
2001-02-01,us_10y,5.1,percent per annum,github.com/datasets/bond-yields-us-10y
2001-03-01,us_10y,4.89,percent per annum,github.com/datasets/bond-yields-us-10y
2001-04-01,us_10y,5.14,percent per annum,github.com/datasets/bond-yields-us-10y
2001-05-01,us_10y,5.39,percent per annum,github.com/datasets/bond-yields-us-10y
2001-06-01,us_10y,5.28,percent per annum,github.com/datasets/bond-yields-us-10y
2001-07-01,us_10y,5.24,percent per annum,github.com/datasets/bond-yields-us-10y
2001-08-01,us_10y,4.97,percent per annum,github.com/datasets/bond-yields-us-10y
2001-09-01,us_10y,4.73,percent per annum,github.com/datasets/bond-yields-us-10y
2001-10-01,us_10y,4.57,percent per annum,github.com/datasets/bond-yields-us-10y
2001-11-01,us_10y,4.65,percent per annum,github.com/datasets/bond-yields-us-10y
2001-12-01,us_10y,5.09,percent per annum,github.com/datasets/bond-yields-us-10y
2002-01-01,us_10y,5.04,percent per annum,github.com/datasets/bond-yields-us-10y
2002-02-01,us_10y,4.91,percent per annum,github.com/datasets/bond-yields-us-10y
2002-03-01,us_10y,5.28,percent per annum,github.com/datasets/bond-yields-us-10y
2002-04-01,us_10y,5.21,percent per annum,github.com/datasets/bond-yields-us-10y
2002-05-01,us_10y,5.16,percent per annum,github.com/datasets/bond-yields-us-10y
2002-06-01,us_10y,4.93,percent per annum,github.com/datasets/bond-yields-us-10y
2002-07-01,us_10y,4.65,percent per annum,github.com/datasets/bond-yields-us-10y
2002-08-01,us_10y,4.26,percent per annum,github.com/datasets/bond-yields-us-10y
2002-09-01,us_10y,3.87,percent per annum,github.com/datasets/bond-yields-us-10y
2002-10-01,us_10y,3.94,percent per annum,github.com/datasets/bond-yields-us-10y
2002-11-01,us_10y,4.05,percent per annum,github.com/datasets/bond-yields-us-10y
2002-12-01,us_10y,4.03,percent per annum,github.com/datasets/bond-yields-us-10y
2003-01-01,us_10y,4.05,percent per annum,github.com/datasets/bond-yields-us-10y
2003-02-01,us_10y,3.9,percent per annum,github.com/datasets/bond-yields-us-10y
2003-03-01,us_10y,3.81,percent per annum,github.com/datasets/bond-yields-us-10y
2003-04-01,us_10y,3.96,percent per annum,github.com/datasets/bond-yields-us-10y
2003-05-01,us_10y,3.57,percent per annum,github.com/datasets/bond-yields-us-10y
2003-06-01,us_10y,3.33,percent per annum,github.com/datasets/bond-yields-us-10y
2003-07-01,us_10y,3.98,percent per annum,github.com/datasets/bond-yields-us-10y
2003-08-01,us_10y,4.45,percent per annum,github.com/datasets/bond-yields-us-10y
2003-09-01,us_10y,4.27,percent per annum,github.com/datasets/bond-yields-us-10y
2003-10-01,us_10y,4.29,percent per annum,github.com/datasets/bond-yields-us-10y
2003-11-01,us_10y,4.3,percent per annum,github.com/datasets/bond-yields-us-10y
2003-12-01,us_10y,4.27,percent per annum,github.com/datasets/bond-yields-us-10y
2004-01-01,us_10y,4.15,percent per annum,github.com/datasets/bond-yields-us-10y
2004-02-01,us_10y,4.08,percent per annum,github.com/datasets/bond-yields-us-10y
2004-03-01,us_10y,3.83,percent per annum,github.com/datasets/bond-yields-us-10y
2004-04-01,us_10y,4.35,percent per annum,github.com/datasets/bond-yields-us-10y
2004-05-01,us_10y,4.72,percent per annum,github.com/datasets/bond-yields-us-10y
2004-06-01,us_10y,4.73,percent per annum,github.com/datasets/bond-yields-us-10y
2004-07-01,us_10y,4.5,percent per annum,github.com/datasets/bond-yields-us-10y
2004-08-01,us_10y,4.28,percent per annum,github.com/datasets/bond-yields-us-10y
2004-09-01,us_10y,4.13,percent per annum,github.com/datasets/bond-yields-us-10y
2004-10-01,us_10y,4.1,percent per annum,github.com/datasets/bond-yields-us-10y
2004-11-01,us_10y,4.19,percent per annum,github.com/datasets/bond-yields-us-10y
2004-12-01,us_10y,4.23,percent per annum,github.com/datasets/bond-yields-us-10y
2005-01-01,us_10y,4.22,percent per annum,github.com/datasets/bond-yields-us-10y
2005-02-01,us_10y,4.17,percent per annum,github.com/datasets/bond-yields-us-10y
2005-03-01,us_10y,4.5,percent per annum,github.com/datasets/bond-yields-us-10y
2005-04-01,us_10y,4.34,percent per annum,github.com/datasets/bond-yields-us-10y
2005-05-01,us_10y,4.14,percent per annum,github.com/datasets/bond-yields-us-10y
2005-06-01,us_10y,4.0,percent per annum,github.com/datasets/bond-yields-us-10y
2005-07-01,us_10y,4.18,percent per annum,github.com/datasets/bond-yields-us-10y
2005-08-01,us_10y,4.26,percent per annum,github.com/datasets/bond-yields-us-10y
2005-09-01,us_10y,4.2,percent per annum,github.com/datasets/bond-yields-us-10y
2005-10-01,us_10y,4.46,percent per annum,github.com/datasets/bond-yields-us-10y
2005-11-01,us_10y,4.54,percent per annum,github.com/datasets/bond-yields-us-10y
2005-12-01,us_10y,4.47,percent per annum,github.com/datasets/bond-yields-us-10y
2006-01-01,us_10y,4.42,percent per annum,github.com/datasets/bond-yields-us-10y
2006-02-01,us_10y,4.57,percent per annum,github.com/datasets/bond-yields-us-10y
2006-03-01,us_10y,4.72,percent per annum,github.com/datasets/bond-yields-us-10y
2006-04-01,us_10y,4.99,percent per annum,github.com/datasets/bond-yields-us-10y
2006-05-01,us_10y,5.11,percent per annum,github.com/datasets/bond-yields-us-10y
2006-06-01,us_10y,5.11,percent per annum,github.com/datasets/bond-yields-us-10y
2006-07-01,us_10y,5.09,percent per annum,github.com/datasets/bond-yields-us-10y
2006-08-01,us_10y,4.88,percent per annum,github.com/datasets/bond-yields-us-10y
2006-09-01,us_10y,4.72,percent per annum,github.com/datasets/bond-yields-us-10y
2006-10-01,us_10y,4.73,percent per annum,github.com/datasets/bond-yields-us-10y
2006-11-01,us_10y,4.6,percent per annum,github.com/datasets/bond-yields-us-10y
2006-12-01,us_10y,4.56,percent per annum,github.com/datasets/bond-yields-us-10y
2007-01-01,us_10y,4.76,percent per annum,github.com/datasets/bond-yields-us-10y
2007-02-01,us_10y,4.72,percent per annum,github.com/datasets/bond-yields-us-10y
2007-03-01,us_10y,4.56,percent per annum,github.com/datasets/bond-yields-us-10y
2007-04-01,us_10y,4.69,percent per annum,github.com/datasets/bond-yields-us-10y
2007-05-01,us_10y,4.75,percent per annum,github.com/datasets/bond-yields-us-10y
2007-06-01,us_10y,5.1,percent per annum,github.com/datasets/bond-yields-us-10y
2007-07-01,us_10y,5.0,percent per annum,github.com/datasets/bond-yields-us-10y
2007-08-01,us_10y,4.67,percent per annum,github.com/datasets/bond-yields-us-10y
2007-09-01,us_10y,4.52,percent per annum,github.com/datasets/bond-yields-us-10y
2007-10-01,us_10y,4.53,percent per annum,github.com/datasets/bond-yields-us-10y
2007-11-01,us_10y,4.15,percent per annum,github.com/datasets/bond-yields-us-10y
2007-12-01,us_10y,4.1,percent per annum,github.com/datasets/bond-yields-us-10y
2008-01-01,us_10y,3.74,percent per annum,github.com/datasets/bond-yields-us-10y
2008-02-01,us_10y,3.74,percent per annum,github.com/datasets/bond-yields-us-10y
2008-03-01,us_10y,3.51,percent per annum,github.com/datasets/bond-yields-us-10y
2008-04-01,us_10y,3.68,percent per annum,github.com/datasets/bond-yields-us-10y
2008-05-01,us_10y,3.88,percent per annum,github.com/datasets/bond-yields-us-10y
2008-06-01,us_10y,4.1,percent per annum,github.com/datasets/bond-yields-us-10y
2008-07-01,us_10y,4.01,percent per annum,github.com/datasets/bond-yields-us-10y
2008-08-01,us_10y,3.89,percent per annum,github.com/datasets/bond-yields-us-10y
2008-09-01,us_10y,3.69,percent per annum,github.com/datasets/bond-yields-us-10y
2008-10-01,us_10y,3.81,percent per annum,github.com/datasets/bond-yields-us-10y
2008-11-01,us_10y,3.53,percent per annum,github.com/datasets/bond-yields-us-10y
2008-12-01,us_10y,2.42,percent per annum,github.com/datasets/bond-yields-us-10y
2009-01-01,us_10y,2.52,percent per annum,github.com/datasets/bond-yields-us-10y
2009-02-01,us_10y,2.87,percent per annum,github.com/datasets/bond-yields-us-10y
2009-03-01,us_10y,2.82,percent per annum,github.com/datasets/bond-yields-us-10y
2009-04-01,us_10y,2.93,percent per annum,github.com/datasets/bond-yields-us-10y
2009-05-01,us_10y,3.29,percent per annum,github.com/datasets/bond-yields-us-10y
2009-06-01,us_10y,3.72,percent per annum,github.com/datasets/bond-yields-us-10y
2009-07-01,us_10y,3.56,percent per annum,github.com/datasets/bond-yields-us-10y
2009-08-01,us_10y,3.59,percent per annum,github.com/datasets/bond-yields-us-10y
2009-09-01,us_10y,3.4,percent per annum,github.com/datasets/bond-yields-us-10y
2009-10-01,us_10y,3.39,percent per annum,github.com/datasets/bond-yields-us-10y
2009-11-01,us_10y,3.4,percent per annum,github.com/datasets/bond-yields-us-10y
2009-12-01,us_10y,3.59,percent per annum,github.com/datasets/bond-yields-us-10y
2010-01-01,us_10y,3.73,percent per annum,github.com/datasets/bond-yields-us-10y
2010-02-01,us_10y,3.69,percent per annum,github.com/datasets/bond-yields-us-10y
2010-03-01,us_10y,3.73,percent per annum,github.com/datasets/bond-yields-us-10y
2010-04-01,us_10y,3.85,percent per annum,github.com/datasets/bond-yields-us-10y
2010-05-01,us_10y,3.42,percent per annum,github.com/datasets/bond-yields-us-10y
2010-06-01,us_10y,3.2,percent per annum,github.com/datasets/bond-yields-us-10y
2010-07-01,us_10y,3.01,percent per annum,github.com/datasets/bond-yields-us-10y
2010-08-01,us_10y,2.7,percent per annum,github.com/datasets/bond-yields-us-10y
2010-09-01,us_10y,2.65,percent per annum,github.com/datasets/bond-yields-us-10y
2010-10-01,us_10y,2.54,percent per annum,github.com/datasets/bond-yields-us-10y
2010-11-01,us_10y,2.76,percent per annum,github.com/datasets/bond-yields-us-10y
2010-12-01,us_10y,3.29,percent per annum,github.com/datasets/bond-yields-us-10y
2011-01-01,us_10y,3.39,percent per annum,github.com/datasets/bond-yields-us-10y
2011-02-01,us_10y,3.58,percent per annum,github.com/datasets/bond-yields-us-10y
2011-03-01,us_10y,3.41,percent per annum,github.com/datasets/bond-yields-us-10y
2011-04-01,us_10y,3.46,percent per annum,github.com/datasets/bond-yields-us-10y
2011-05-01,us_10y,3.17,percent per annum,github.com/datasets/bond-yields-us-10y
2011-06-01,us_10y,3.0,percent per annum,github.com/datasets/bond-yields-us-10y
2011-07-01,us_10y,3.0,percent per annum,github.com/datasets/bond-yields-us-10y
2011-08-01,us_10y,2.3,percent per annum,github.com/datasets/bond-yields-us-10y
2011-09-01,us_10y,1.98,percent per annum,github.com/datasets/bond-yields-us-10y
2011-10-01,us_10y,2.15,percent per annum,github.com/datasets/bond-yields-us-10y
2011-11-01,us_10y,2.01,percent per annum,github.com/datasets/bond-yields-us-10y
2011-12-01,us_10y,1.98,percent per annum,github.com/datasets/bond-yields-us-10y
2012-01-01,us_10y,1.97,percent per annum,github.com/datasets/bond-yields-us-10y
2012-02-01,us_10y,1.97,percent per annum,github.com/datasets/bond-yields-us-10y
2012-03-01,us_10y,2.17,percent per annum,github.com/datasets/bond-yields-us-10y
2012-04-01,us_10y,2.05,percent per annum,github.com/datasets/bond-yields-us-10y
2012-05-01,us_10y,1.8,percent per annum,github.com/datasets/bond-yields-us-10y
2012-06-01,us_10y,1.62,percent per annum,github.com/datasets/bond-yields-us-10y
2012-07-01,us_10y,1.53,percent per annum,github.com/datasets/bond-yields-us-10y
2012-08-01,us_10y,1.68,percent per annum,github.com/datasets/bond-yields-us-10y
2012-09-01,us_10y,1.72,percent per annum,github.com/datasets/bond-yields-us-10y
2012-10-01,us_10y,1.75,percent per annum,github.com/datasets/bond-yields-us-10y
2012-11-01,us_10y,1.65,percent per annum,github.com/datasets/bond-yields-us-10y
2012-12-01,us_10y,1.72,percent per annum,github.com/datasets/bond-yields-us-10y
2013-01-01,us_10y,1.91,percent per annum,github.com/datasets/bond-yields-us-10y
2013-02-01,us_10y,1.98,percent per annum,github.com/datasets/bond-yields-us-10y
2013-03-01,us_10y,1.96,percent per annum,github.com/datasets/bond-yields-us-10y
2013-04-01,us_10y,1.76,percent per annum,github.com/datasets/bond-yields-us-10y
2013-05-01,us_10y,1.93,percent per annum,github.com/datasets/bond-yields-us-10y
2013-06-01,us_10y,2.3,percent per annum,github.com/datasets/bond-yields-us-10y
2013-07-01,us_10y,2.58,percent per annum,github.com/datasets/bond-yields-us-10y
2013-08-01,us_10y,2.74,percent per annum,github.com/datasets/bond-yields-us-10y
2013-09-01,us_10y,2.81,percent per annum,github.com/datasets/bond-yields-us-10y
2013-10-01,us_10y,2.62,percent per annum,github.com/datasets/bond-yields-us-10y
2013-11-01,us_10y,2.72,percent per annum,github.com/datasets/bond-yields-us-10y
2013-12-01,us_10y,2.9,percent per annum,github.com/datasets/bond-yields-us-10y
2014-01-01,us_10y,2.86,percent per annum,github.com/datasets/bond-yields-us-10y
2014-02-01,us_10y,2.71,percent per annum,github.com/datasets/bond-yields-us-10y
2014-03-01,us_10y,2.72,percent per annum,github.com/datasets/bond-yields-us-10y
2014-04-01,us_10y,2.71,percent per annum,github.com/datasets/bond-yields-us-10y
2014-05-01,us_10y,2.56,percent per annum,github.com/datasets/bond-yields-us-10y
2014-06-01,us_10y,2.6,percent per annum,github.com/datasets/bond-yields-us-10y
2014-07-01,us_10y,2.54,percent per annum,github.com/datasets/bond-yields-us-10y
2014-08-01,us_10y,2.42,percent per annum,github.com/datasets/bond-yields-us-10y
2014-09-01,us_10y,2.53,percent per annum,github.com/datasets/bond-yields-us-10y
2014-10-01,us_10y,2.3,percent per annum,github.com/datasets/bond-yields-us-10y
2014-11-01,us_10y,2.33,percent per annum,github.com/datasets/bond-yields-us-10y
2014-12-01,us_10y,2.21,percent per annum,github.com/datasets/bond-yields-us-10y
2015-01-01,us_10y,1.88,percent per annum,github.com/datasets/bond-yields-us-10y
2015-02-01,us_10y,1.98,percent per annum,github.com/datasets/bond-yields-us-10y
2015-03-01,us_10y,2.04,percent per annum,github.com/datasets/bond-yields-us-10y
2015-04-01,us_10y,1.94,percent per annum,github.com/datasets/bond-yields-us-10y
2015-05-01,us_10y,2.2,percent per annum,github.com/datasets/bond-yields-us-10y
2015-06-01,us_10y,2.36,percent per annum,github.com/datasets/bond-yields-us-10y
2015-07-01,us_10y,2.32,percent per annum,github.com/datasets/bond-yields-us-10y
2015-08-01,us_10y,2.17,percent per annum,github.com/datasets/bond-yields-us-10y
2015-09-01,us_10y,2.17,percent per annum,github.com/datasets/bond-yields-us-10y
2015-10-01,us_10y,2.07,percent per annum,github.com/datasets/bond-yields-us-10y
2015-11-01,us_10y,2.26,percent per annum,github.com/datasets/bond-yields-us-10y
2015-12-01,us_10y,2.24,percent per annum,github.com/datasets/bond-yields-us-10y
2016-01-01,us_10y,2.09,percent per annum,github.com/datasets/bond-yields-us-10y
2016-02-01,us_10y,1.78,percent per annum,github.com/datasets/bond-yields-us-10y
2016-03-01,us_10y,1.89,percent per annum,github.com/datasets/bond-yields-us-10y
2016-04-01,us_10y,1.81,percent per annum,github.com/datasets/bond-yields-us-10y
2016-05-01,us_10y,1.81,percent per annum,github.com/datasets/bond-yields-us-10y
2016-06-01,us_10y,1.64,percent per annum,github.com/datasets/bond-yields-us-10y
2016-07-01,us_10y,1.5,percent per annum,github.com/datasets/bond-yields-us-10y
2016-08-01,us_10y,1.56,percent per annum,github.com/datasets/bond-yields-us-10y
2016-09-01,us_10y,1.63,percent per annum,github.com/datasets/bond-yields-us-10y
2016-10-01,us_10y,1.76,percent per annum,github.com/datasets/bond-yields-us-10y
2016-11-01,us_10y,2.14,percent per annum,github.com/datasets/bond-yields-us-10y
2016-12-01,us_10y,2.49,percent per annum,github.com/datasets/bond-yields-us-10y
2017-01-01,us_10y,2.43,percent per annum,github.com/datasets/bond-yields-us-10y
2017-02-01,us_10y,2.42,percent per annum,github.com/datasets/bond-yields-us-10y
2017-03-01,us_10y,2.48,percent per annum,github.com/datasets/bond-yields-us-10y
2017-04-01,us_10y,2.3,percent per annum,github.com/datasets/bond-yields-us-10y
2017-05-01,us_10y,2.3,percent per annum,github.com/datasets/bond-yields-us-10y
2017-06-01,us_10y,2.19,percent per annum,github.com/datasets/bond-yields-us-10y
2017-07-01,us_10y,2.32,percent per annum,github.com/datasets/bond-yields-us-10y
2017-08-01,us_10y,2.21,percent per annum,github.com/datasets/bond-yields-us-10y
2017-09-01,us_10y,2.2,percent per annum,github.com/datasets/bond-yields-us-10y
2017-10-01,us_10y,2.36,percent per annum,github.com/datasets/bond-yields-us-10y
2017-11-01,us_10y,2.35,percent per annum,github.com/datasets/bond-yields-us-10y
2017-12-01,us_10y,2.4,percent per annum,github.com/datasets/bond-yields-us-10y
2018-01-01,us_10y,2.58,percent per annum,github.com/datasets/bond-yields-us-10y
2018-02-01,us_10y,2.86,percent per annum,github.com/datasets/bond-yields-us-10y
2018-03-01,us_10y,2.84,percent per annum,github.com/datasets/bond-yields-us-10y
2018-04-01,us_10y,2.87,percent per annum,github.com/datasets/bond-yields-us-10y
2018-05-01,us_10y,2.98,percent per annum,github.com/datasets/bond-yields-us-10y
2018-06-01,us_10y,2.91,percent per annum,github.com/datasets/bond-yields-us-10y
2018-07-01,us_10y,2.89,percent per annum,github.com/datasets/bond-yields-us-10y
2018-08-01,us_10y,2.89,percent per annum,github.com/datasets/bond-yields-us-10y
2018-09-01,us_10y,3.0,percent per annum,github.com/datasets/bond-yields-us-10y
2018-10-01,us_10y,3.15,percent per annum,github.com/datasets/bond-yields-us-10y
2018-11-01,us_10y,3.12,percent per annum,github.com/datasets/bond-yields-us-10y
2018-12-01,us_10y,2.83,percent per annum,github.com/datasets/bond-yields-us-10y
2019-01-01,us_10y,2.71,percent per annum,github.com/datasets/bond-yields-us-10y
2019-02-01,us_10y,2.68,percent per annum,github.com/datasets/bond-yields-us-10y
2019-03-01,us_10y,2.57,percent per annum,github.com/datasets/bond-yields-us-10y
2019-04-01,us_10y,2.53,percent per annum,github.com/datasets/bond-yields-us-10y
2019-05-01,us_10y,2.4,percent per annum,github.com/datasets/bond-yields-us-10y
2019-06-01,us_10y,2.07,percent per annum,github.com/datasets/bond-yields-us-10y
2019-07-01,us_10y,2.06,percent per annum,github.com/datasets/bond-yields-us-10y
2019-08-01,us_10y,1.63,percent per annum,github.com/datasets/bond-yields-us-10y
2019-09-01,us_10y,1.7,percent per annum,github.com/datasets/bond-yields-us-10y
2019-10-01,us_10y,1.71,percent per annum,github.com/datasets/bond-yields-us-10y
2019-11-01,us_10y,1.81,percent per annum,github.com/datasets/bond-yields-us-10y
2019-12-01,us_10y,1.86,percent per annum,github.com/datasets/bond-yields-us-10y
2020-01-01,us_10y,1.76,percent per annum,github.com/datasets/bond-yields-us-10y
2020-02-01,us_10y,1.5,percent per annum,github.com/datasets/bond-yields-us-10y
2020-03-01,us_10y,0.87,percent per annum,github.com/datasets/bond-yields-us-10y
2020-04-01,us_10y,0.66,percent per annum,github.com/datasets/bond-yields-us-10y
2020-05-01,us_10y,0.67,percent per annum,github.com/datasets/bond-yields-us-10y
2020-06-01,us_10y,0.73,percent per annum,github.com/datasets/bond-yields-us-10y
2020-07-01,us_10y,0.62,percent per annum,github.com/datasets/bond-yields-us-10y
2020-08-01,us_10y,0.65,percent per annum,github.com/datasets/bond-yields-us-10y
2020-09-01,us_10y,0.68,percent per annum,github.com/datasets/bond-yields-us-10y
2020-10-01,us_10y,0.79,percent per annum,github.com/datasets/bond-yields-us-10y
2020-11-01,us_10y,0.87,percent per annum,github.com/datasets/bond-yields-us-10y
2020-12-01,us_10y,0.93,percent per annum,github.com/datasets/bond-yields-us-10y
2021-01-01,us_10y,1.08,percent per annum,github.com/datasets/bond-yields-us-10y
2021-02-01,us_10y,1.26,percent per annum,github.com/datasets/bond-yields-us-10y
2021-03-01,us_10y,1.61,percent per annum,github.com/datasets/bond-yields-us-10y
2021-04-01,us_10y,1.64,percent per annum,github.com/datasets/bond-yields-us-10y
2021-05-01,us_10y,1.62,percent per annum,github.com/datasets/bond-yields-us-10y
2021-06-01,us_10y,1.52,percent per annum,github.com/datasets/bond-yields-us-10y
2021-07-01,us_10y,1.32,percent per annum,github.com/datasets/bond-yields-us-10y
2021-08-01,us_10y,1.28,percent per annum,github.com/datasets/bond-yields-us-10y
2021-09-01,us_10y,1.37,percent per annum,github.com/datasets/bond-yields-us-10y
2021-10-01,us_10y,1.58,percent per annum,github.com/datasets/bond-yields-us-10y
2021-11-01,us_10y,1.56,percent per annum,github.com/datasets/bond-yields-us-10y
2021-12-01,us_10y,1.47,percent per annum,github.com/datasets/bond-yields-us-10y
2022-01-01,us_10y,1.76,percent per annum,github.com/datasets/bond-yields-us-10y
2022-02-01,us_10y,1.93,percent per annum,github.com/datasets/bond-yields-us-10y
2022-03-01,us_10y,2.13,percent per annum,github.com/datasets/bond-yields-us-10y
2022-04-01,us_10y,2.75,percent per annum,github.com/datasets/bond-yields-us-10y
2022-05-01,us_10y,2.9,percent per annum,github.com/datasets/bond-yields-us-10y
2022-06-01,us_10y,3.14,percent per annum,github.com/datasets/bond-yields-us-10y
2022-07-01,us_10y,2.9,percent per annum,github.com/datasets/bond-yields-us-10y
2022-08-01,us_10y,2.9,percent per annum,github.com/datasets/bond-yields-us-10y
2022-09-01,us_10y,3.52,percent per annum,github.com/datasets/bond-yields-us-10y
2022-10-01,us_10y,3.98,percent per annum,github.com/datasets/bond-yields-us-10y
2022-11-01,us_10y,3.89,percent per annum,github.com/datasets/bond-yields-us-10y
2022-12-01,us_10y,3.62,percent per annum,github.com/datasets/bond-yields-us-10y
2023-01-01,us_10y,3.53,percent per annum,github.com/datasets/bond-yields-us-10y
2023-02-01,us_10y,3.75,percent per annum,github.com/datasets/bond-yields-us-10y
2023-03-01,us_10y,3.66,percent per annum,github.com/datasets/bond-yields-us-10y
2023-04-01,us_10y,3.46,percent per annum,github.com/datasets/bond-yields-us-10y
2023-05-01,us_10y,3.57,percent per annum,github.com/datasets/bond-yields-us-10y
2023-06-01,us_10y,3.75,percent per annum,github.com/datasets/bond-yields-us-10y
2023-07-01,us_10y,3.9,percent per annum,github.com/datasets/bond-yields-us-10y
2023-08-01,us_10y,4.17,percent per annum,github.com/datasets/bond-yields-us-10y
2023-09-01,us_10y,4.38,percent per annum,github.com/datasets/bond-yields-us-10y
2023-10-01,us_10y,4.8,percent per annum,github.com/datasets/bond-yields-us-10y
2023-11-01,us_10y,4.5,percent per annum,github.com/datasets/bond-yields-us-10y
2023-12-01,us_10y,4.02,percent per annum,github.com/datasets/bond-yields-us-10y
2024-01-01,us_10y,4.06,percent per annum,github.com/datasets/bond-yields-us-10y
2024-02-01,us_10y,4.21,percent per annum,github.com/datasets/bond-yields-us-10y
2024-03-01,us_10y,4.21,percent per annum,github.com/datasets/bond-yields-us-10y
2024-04-01,us_10y,4.54,percent per annum,github.com/datasets/bond-yields-us-10y
2024-05-01,us_10y,4.48,percent per annum,github.com/datasets/bond-yields-us-10y
2024-06-01,us_10y,4.31,percent per annum,github.com/datasets/bond-yields-us-10y
2024-07-01,us_10y,4.25,percent per annum,github.com/datasets/bond-yields-us-10y
2024-08-01,us_10y,3.87,percent per annum,github.com/datasets/bond-yields-us-10y
2024-09-01,us_10y,3.72,percent per annum,github.com/datasets/bond-yields-us-10y
2024-10-01,us_10y,4.1,percent per annum,github.com/datasets/bond-yields-us-10y
2024-11-01,us_10y,4.36,percent per annum,github.com/datasets/bond-yields-us-10y
2024-12-01,us_10y,4.39,percent per annum,github.com/datasets/bond-yields-us-10y
2025-01-01,us_10y,4.63,percent per annum,github.com/datasets/bond-yields-us-10y
2025-02-01,us_10y,4.45,percent per annum,github.com/datasets/bond-yields-us-10y
2025-03-01,us_10y,4.28,percent per annum,github.com/datasets/bond-yields-us-10y
2025-04-01,us_10y,4.28,percent per annum,github.com/datasets/bond-yields-us-10y
2025-05-01,us_10y,4.42,percent per annum,github.com/datasets/bond-yields-us-10y
2025-06-01,us_10y,4.38,percent per annum,github.com/datasets/bond-yields-us-10y
2025-07-01,us_10y,4.39,percent per annum,github.com/datasets/bond-yields-us-10y
2025-08-01,us_10y,4.26,percent per annum,github.com/datasets/bond-yields-us-10y
2025-09-01,us_10y,4.12,percent per annum,github.com/datasets/bond-yields-us-10y
2025-10-01,us_10y,4.06,percent per annum,github.com/datasets/bond-yields-us-10y
2025-11-01,us_10y,4.09,percent per annum,github.com/datasets/bond-yields-us-10y
2025-12-01,us_10y,4.14,percent per annum,github.com/datasets/bond-yields-us-10y
2026-01-01,us_10y,4.21,percent per annum,github.com/datasets/bond-yields-us-10y
2026-02-01,us_10y,4.13,percent per annum,github.com/datasets/bond-yields-us-10y
2026-03-01,us_10y,4.25,percent per annum,github.com/datasets/bond-yields-us-10y
2026-04-01,us_10y,4.32,percent per annum,github.com/datasets/bond-yields-us-10y
2026-05-01,us_10y,4.48,percent per annum,github.com/datasets/bond-yields-us-10y
2026-06-01,us_10y,4.47,percent per annum,github.com/datasets/bond-yields-us-10y
2026-07-01,us_10y,4.6,percent per annum,github.com/datasets/bond-yields-us-10y
